year,ISO_code,countries,region,hf_score,hf_rank,hf_quartile
2016,ALB,Albania,Eastern Europe,7.5681402879999995,48.0,2.0
2016,DZA,Algeria,Middle East & North Africa,5.135886055,155.0,4.0
2016,AGO,Angola,Sub-Saharan Africa,5.640662182000001,142.0,4.0
2016,ARG,Argentina,Latin America & the Caribbean,6.469847841,107.0,3.0
2016,ARM,Armenia,Caucasus & Central Asia,7.241401801,57.0,2.0
2016,AUS,Australia,Oceania,8.582219227000001,4.0,1.0
2016,AUT,Austria,Western Europe,8.4134742,16.0,1.0
2016,AZE,Azerbaijan,Caucasus & Central Asia,6.0832767389999995,130.0,4.0
2016,BHS,Bahamas,Latin America & the Caribbean,7.3972689229999995,50.0,2.0
2016,BHR,Bahrain,Middle East & North Africa,6.848034997,75.0,2.0
2016,BGD,Bangladesh,South Asia,5.801300179,138.0,4.0
2016,BRD,Barbados,Latin America & the Caribbean,7.0684472320000005,67.0,2.0
2016,BLR,Belarus,Eastern Europe,6.144514082000001,128.0,4.0
2016,BEL,Belgium,Western Europe,8.153589293,27.0,1.0
2016,BLZ,Belize,Latin America & the Caribbean,7.145431918,64.0,2.0
2016,BEN,Benin,Sub-Saharan Africa,6.738488147000001,90.0,3.0
2016,BTN,Bhutan,South Asia,6.810486407000001,83.0,3.0
2016,BOL,Bolivia,Latin America & the Caribbean,6.718385007,92.0,3.0
2016,BIH,Bosnia and Herzegovina,Eastern Europe,7.2307235720000005,59.0,2.0
2016,BWA,Botswana,Sub-Saharan Africa,7.153167226,64.0,2.0
2016,BRA,Brazil,Latin America & the Caribbean,6.207988703,123.0,4.0
2016,BRN,Brunei Darussalam,South Asia,5.796849859,138.0,4.0
2016,BGR,Bulgaria,Eastern Europe,7.782769537999999,41.0,1.0
2016,BFA,Burkina Faso,Sub-Saharan Africa,6.752669835,88.0,3.0
2016,BDI,Burundi,Sub-Saharan Africa,5.167067213,154.0,4.0
2016,KHM,Cambodia,South Asia,7.204224142999999,61.0,2.0
2016,CMR,Cameroon,Sub-Saharan Africa,5.575387155,144.0,4.0
2016,CAN,Canada,North America,8.565863321,5.0,1.0
2016,CPV,Cape Verde,Sub-Saharan Africa,7.333291533,53.0,2.0
2016,CAF,Central Afr. Rep.,Sub-Saharan Africa,5.287816197,152.0,4.0
2016,TCD,Chad,Sub-Saharan Africa,5.474770535,147.0,4.0
2016,CHL,Chile,Latin America & the Caribbean,8.00801767,32.0,1.0
2016,CHN,China,East Asia,5.905410169,135.0,4.0
2016,COL,Colombia,Latin America & the Caribbean,6.760756637,87.0,3.0
2016,COD,"Congo, Dem. R.",Sub-Saharan Africa,5.308628393,151.0,4.0
2016,COG,"Congo, Rep. Of",Sub-Saharan Africa,5.898933847,136.0,4.0
2016,CRI,Costa Rica,Latin America & the Caribbean,7.857714484,37.0,1.0
2016,CIV,Cote d'Ivoire,Sub-Saharan Africa,6.531271024,100.0,3.0
2016,HRV,Croatia,Eastern Europe,7.7080878760000004,44.0,2.0
2016,CYP,Cyprus,Eastern Europe,8.112196958,30.0,1.0
2016,CZE,Czech Rep.,Eastern Europe,8.294880707,21.0,1.0
2016,DNK,Denmark,Western Europe,8.547819985,6.0,1.0
2016,DOM,Dominican Rep.,Latin America & the Caribbean,7.061287481,69.0,2.0
2016,ECU,Ecuador,Latin America & the Caribbean,6.80527768,83.0,3.0
2016,EGY,Egypt,Middle East & North Africa,4.807276886,156.0,4.0
2016,SLV,El Salvador,Latin America & the Caribbean,7.033950991,70.0,2.0
2016,EST,Estonia,Eastern Europe,8.436850609,14.0,1.0
2016,ETH,Ethiopia,Sub-Saharan Africa,5.397044971000001,150.0,4.0
2016,FJI,Fiji,Oceania,7.291102197000001,55.0,2.0
2016,FIN,Finland,Western Europe,8.472183957999999,10.0,1.0
2016,FRA,France,Western Europe,8.008401464,32.0,1.0
2016,GAB,Gabon,Sub-Saharan Africa,5.577787611000001,144.0,4.0
2016,GMB,"Gambia, The",Sub-Saharan Africa,6.321342351,115.0,3.0
2016,GEO,Georgia,Caucasus & Central Asia,7.798267752999999,40.0,1.0
2016,DEU,Germany,Western Europe,8.462595689,13.0,1.0
2016,GHA,Ghana,Sub-Saharan Africa,7.236088907999999,57.0,2.0
2016,GRC,Greece,Eastern Europe,7.203384075,61.0,2.0
2016,GTM,Guatemala,Latin America & the Caribbean,7.094122991,66.0,2.0
2016,GIN,Guinea,Sub-Saharan Africa,5.650600803,141.0,4.0
2016,GNB,Guinea-Bissau,Sub-Saharan Africa,6.054860862000001,133.0,4.0
2016,GUY,Guyana,Latin America & the Caribbean,6.675897936,96.0,3.0
2016,HTI,Haiti,Latin America & the Caribbean,6.847221294,75.0,2.0
2016,HND,Honduras,Latin America & the Caribbean,6.723241298,92.0,3.0
2016,HKG,Hong Kong,East Asia,8.776839796,3.0,1.0
2016,HUN,Hungary,Eastern Europe,7.739472887000001,42.0,2.0
2016,ISL,Iceland,Western Europe,8.151753108,27.0,1.0
2016,IND,India,South Asia,6.412935667999999,110.0,3.0
2016,IDN,Indonesia,South Asia,6.77065623,85.0,3.0
2016,IRN,Iran,Middle East & North Africa,5.281224623,153.0,4.0
2016,IRQ,Iraq,Middle East & North Africa,4.25801381,159.0,4.0
2016,IRL,Ireland,Western Europe,8.504564702,8.0,1.0
2016,ISR,Israel,Middle East & North Africa,7.517458071,49.0,2.0
2016,ITA,Italy,Western Europe,7.9802231589999995,34.0,1.0
2016,JAM,Jamaica,Latin America & the Caribbean,7.224208046,60.0,2.0
2016,JPN,Japan,East Asia,8.101885275,31.0,1.0
2016,JOR,Jordan,Middle East & North Africa,6.849333258,75.0,2.0
2016,KAZ,Kazakhstan,Caucasus & Central Asia,6.742837772000001,90.0,3.0
2016,KEN,Kenya,Sub-Saharan Africa,6.822768345,82.0,2.0
2016,KOR,"Korea, South",East Asia,8.148174929,27.0,1.0
2016,KWT,Kuwait,Middle East & North Africa,6.190287237000001,124.0,4.0
2016,KGZ,Kyrgyz Republic,Caucasus & Central Asia,6.588506477,99.0,3.0
2016,LAO,Laos,South Asia,6.386793085,113.0,3.0
2016,LVA,Latvia,Eastern Europe,8.245534042000001,23.0,1.0
2016,LBN,Lebanon,Middle East & North Africa,6.70999709,95.0,3.0
2016,LSO,Lesotho,Sub-Saharan Africa,6.53422198,100.0,3.0
2016,LBR,Liberia,Sub-Saharan Africa,6.481700872,106.0,3.0
2016,LBY,Libya,Middle East & North Africa,4.310282812,158.0,4.0
2016,LTU,Lithuania,Eastern Europe,8.340669463,20.0,1.0
2016,LUX,Luxembourg,Western Europe,8.428700911,15.0,1.0
2016,MKD,Macedonia,Eastern Europe,7.271829012,56.0,2.0
2016,MDG,Madagascar,Sub-Saharan Africa,6.512561755,103.0,3.0
2016,MWI,Malawi,Sub-Saharan Africa,6.652606805,97.0,3.0
2016,MYS,Malaysia,South Asia,6.4114899770000005,110.0,3.0
2016,MLI,Mali,Sub-Saharan Africa,5.930464736,134.0,4.0
2016,MLT,Malta,Western Europe,8.353998731,19.0,1.0
2016,MRT,Mauritania,Sub-Saharan Africa,5.473874887999999,147.0,4.0
2016,MUS,Mauritius,Sub-Saharan Africa,7.863732816000001,37.0,1.0
2016,MEX,Mexico,Latin America & the Caribbean,6.848010198,75.0,2.0
2016,MDA,Moldova,Eastern Europe,6.849514762,75.0,2.0
2016,MNG,Mongolia,East Asia,7.699156277,45.0,2.0
2016,MNE,Montenegro,Eastern Europe,7.335052066,52.0,2.0
2016,MAR,Morocco,Middle East & North Africa,6.178378256,127.0,4.0
2016,MOZ,Mozambique,Sub-Saharan Africa,6.0796033220000005,130.0,4.0
2016,MMR,Myanmar,South Asia,5.441680433999999,149.0,4.0
2016,NAM,Namibia,Sub-Saharan Africa,6.897457751,74.0,2.0
2016,NPL,Nepal,South Asia,6.720805695,92.0,3.0
2016,NLD,Netherlands,Western Europe,8.55442118,6.0,1.0
2016,NZL,New Zealand,Oceania,8.887409579,1.0,1.0
2016,NIC,Nicaragua,Latin America & the Caribbean,6.851247363,75.0,2.0
2016,NER,Niger,Sub-Saharan Africa,5.862260048,137.0,4.0
2016,NGA,Nigeria,Sub-Saharan Africa,6.071808602999999,132.0,4.0
2016,NOR,Norway,Western Europe,8.471240566,10.0,1.0
2016,OMN,Oman,Middle East & North Africa,6.134527607000001,129.0,4.0
2016,PAK,Pakistan,South Asia,5.662296223999999,140.0,4.0
2016,PAN,Panama,Latin America & the Caribbean,7.647620037,46.0,2.0
2016,PNG,Pap. New Guinea,Oceania,6.752474407999999,88.0,3.0
2016,PRY,Paraguay,Latin America & the Caribbean,6.962299094,72.0,2.0
2016,PER,Peru,Latin America & the Caribbean,7.575393347,47.0,2.0
2016,PHL,Philippines,South Asia,6.9187633470000005,73.0,2.0
2016,POL,Poland,Eastern Europe,7.811560227,39.0,1.0
2016,PRT,Portugal,Western Europe,8.276856122,22.0,1.0
2016,QAT,Qatar,Middle East & North Africa,6.507776487999999,103.0,3.0
2016,ROU,Romania,Eastern Europe,8.171616249,24.0,1.0
2016,RUS,Russia,Eastern Europe,6.272190833,119.0,3.0
2016,RWA,Rwanda,Sub-Saharan Africa,6.9738695260000005,71.0,2.0
2016,SAU,Saudi Arabia,Middle East & North Africa,5.479366035,146.0,4.0
2016,SEN,Senegal,Sub-Saharan Africa,6.497093885,105.0,3.0
2016,SRB,Serbia,Eastern Europe,7.348971626,51.0,2.0
2016,SYC,Seychelles,Sub-Saharan Africa,7.301262167999999,54.0,2.0
2016,SLE,Sierra Leone,Sub-Saharan Africa,6.397329576000001,112.0,3.0
2016,SGP,Singapore,South Asia,8.159711817,25.0,1.0
2016,SVK,Slovak Rep.,Eastern Europe,7.918249946,36.0,1.0
2016,SVN,Slovenia,Eastern Europe,7.9363957329999995,35.0,1.0
2016,ZAF,South Africa,Sub-Saharan Africa,7.172571807000001,63.0,2.0
2016,ESP,Spain,Western Europe,8.159106882,25.0,1.0
2016,LKA,Sri Lanka,South Asia,6.265360917000001,119.0,3.0
2016,SDN,Sudan,Sub-Saharan Africa,4.803023585,157.0,4.0
2016,SUR,Suriname,Latin America & the Caribbean,7.074281523,67.0,2.0
2016,SWZ,Swaziland,Sub-Saharan Africa,6.240164329,122.0,3.0
2016,SWE,Sweden,Western Europe,8.387375149,17.0,1.0
2016,CHE,Switzerland,Western Europe,8.78775905,2.0,1.0
2016,SYR,Syria,Middle East & North Africa,3.765826877,162.0,4.0
2016,TWN,Taiwan,East Asia,8.465697018,10.0,1.0
2016,TJK,Tajikistan,Caucasus & Central Asia,6.18616229,124.0,4.0
2016,TZA,Tanzania,Sub-Saharan Africa,6.523209346,102.0,3.0
2016,THA,Thailand,South Asia,6.6247813010000005,98.0,3.0
2016,TLS,Timor-Leste,South Asia,6.368224812999999,114.0,3.0
2016,TGO,Togo,Sub-Saharan Africa,6.274969005,119.0,3.0
2016,TTO,Trinidad and Tobago,Latin America & the Caribbean,6.825223193999999,81.0,2.0
2016,TUN,Tunisia,Middle East & North Africa,6.433736122000001,109.0,3.0
2016,TUR,Turkey,Middle East & North Africa,6.466232654,107.0,3.0
2016,UGA,Uganda,Sub-Saharan Africa,6.769444547000001,85.0,3.0
2016,UKR,Ukraine,Eastern Europe,6.283135204,118.0,3.0
2016,ARE,United Arab Emirates,Middle East & North Africa,6.286675088,117.0,3.0
2016,GBR,United Kingdom,Western Europe,8.497917936,8.0,1.0
2016,USA,United States,North America,8.388655108,17.0,1.0
2016,URY,Uruguay,Latin America & the Caribbean,7.728070903,43.0,2.0
2016,VEN,Venezuela,Latin America & the Caribbean,4.2007244560000006,161.0,4.0
2016,VNM,Vietnam,South Asia,6.1940038,124.0,4.0
2016,YEM,"Yemen, Rep.",Middle East & North Africa,4.25327767,160.0,4.0
2016,ZMB,Zambia,Sub-Saharan Africa,6.308849427999999,116.0,3.0
2016,ZWE,Zimbabwe,Sub-Saharan Africa,5.6153627870000005,143.0,4.0
2015,ALB,Albania,Eastern Europe,7.558539004,49.0,2.0
2015,DZA,Algeria,Middle East & North Africa,5.082654926,152.0,4.0
2015,AGO,Angola,Sub-Saharan Africa,5.78647914,137.0,4.0
2015,ARG,Argentina,Latin America & the Caribbean,6.502547776,107.0,3.0
2015,ARM,Armenia,Caucasus & Central Asia,7.23088653,63.0,2.0
2015,AUS,Australia,Oceania,8.607372636000001,5.0,1.0
2015,AUT,Austria,Western Europe,8.509897141,12.0,1.0
2015,AZE,Azerbaijan,Caucasus & Central Asia,5.966188537000001,131.0,4.0
2015,BHS,Bahamas,Latin America & the Caribbean,7.426491282000001,52.0,2.0
2015,BHR,Bahrain,Middle East & North Africa,6.744450937000001,85.0,3.0
2015,BGD,Bangladesh,South Asia,5.811104428999999,136.0,4.0
2015,BRD,Barbados,Latin America & the Caribbean,7.160925615,64.0,2.0
2015,BEL,Belgium,Western Europe,8.307856586,21.0,1.0
2015,BLZ,Belize,Latin America & the Caribbean,6.952292025,73.0,2.0
2015,BEN,Benin,Sub-Saharan Africa,6.6808567,94.0,3.0
2015,BTN,Bhutan,South Asia,6.886395462,76.0,2.0
2015,BOL,Bolivia,Latin America & the Caribbean,6.700965914,92.0,3.0
2015,BIH,Bosnia and Herzegovina,Eastern Europe,7.3166333560000005,55.0,2.0
2015,BWA,Botswana,Sub-Saharan Africa,7.070066166,69.0,2.0
2015,BRA,Brazil,Latin America & the Caribbean,6.227149845,119.0,3.0
2015,BRN,Brunei Darussalam,South Asia,5.689558005,138.0,4.0
2015,BGR,Bulgaria,Eastern Europe,7.819202739,41.0,2.0
2015,BFA,Burkina Faso,Sub-Saharan Africa,6.698857887999999,92.0,3.0
2015,BDI,Burundi,Sub-Saharan Africa,5.055532591,153.0,4.0
2015,KHM,Cambodia,South Asia,7.257274211,58.0,2.0
2015,CMR,Cameroon,Sub-Saharan Africa,5.458969807000001,144.0,4.0
2015,CAN,Canada,North America,8.520056022,10.0,1.0
2015,CPV,Cape Verde,Sub-Saharan Africa,7.515902979,51.0,2.0
2015,CAF,Central Afr. Rep.,Sub-Saharan Africa,5.124578036,151.0,4.0
2015,TCD,Chad,Sub-Saharan Africa,5.432498247000001,146.0,4.0
2015,CHL,Chile,Latin America & the Caribbean,8.027501015,32.0,1.0
2015,CHN,China,East Asia,5.882349969,133.0,4.0
2015,COL,Colombia,Latin America & the Caribbean,6.727887227,86.0,3.0
2015,COD,"Congo, Dem. R.",Sub-Saharan Africa,5.29980609,150.0,4.0
2015,COG,"Congo, Rep. Of",Sub-Saharan Africa,5.836478102999999,134.0,4.0
2015,CRI,Costa Rica,Latin America & the Caribbean,7.882654156,39.0,1.0
2015,CIV,Cote d'Ivoire,Sub-Saharan Africa,6.441134794,111.0,3.0
2015,HRV,Croatia,Eastern Europe,7.780960107,43.0,2.0
2015,CYP,Cyprus,Eastern Europe,8.179577076000001,28.0,1.0
2015,CZE,Czech Rep.,Eastern Europe,8.264353336000001,24.0,1.0
2015,DNK,Denmark,Western Europe,8.543022951000001,8.0,1.0
2015,DOM,Dominican Rep.,Latin America & the Caribbean,7.131683786,65.0,2.0
2015,ECU,Ecuador,Latin America & the Caribbean,6.771338651000001,83.0,3.0
2015,EGY,Egypt,Middle East & North Africa,4.811136075,155.0,4.0
2015,SLV,El Salvador,Latin America & the Caribbean,7.12998588,65.0,2.0
2015,EST,Estonia,Eastern Europe,8.446540136,16.0,1.0
2015,ETH,Ethiopia,Sub-Saharan Africa,5.35315865,148.0,4.0
2015,FJI,Fiji,Oceania,7.260645345,58.0,2.0
2015,FIN,Finland,Western Europe,8.55893467,6.0,1.0
2015,FRA,France,Western Europe,8.004390532999999,35.0,1.0
2015,GAB,Gabon,Sub-Saharan Africa,5.549342511,143.0,4.0
2015,GMB,"Gambia, The",Sub-Saharan Africa,6.340070895,115.0,3.0
2015,GEO,Georgia,Caucasus & Central Asia,7.878481138,39.0,1.0
2015,DEU,Germany,Western Europe,8.480457213,13.0,1.0
2015,GHA,Ghana,Sub-Saharan Africa,7.115640407000001,67.0,2.0
2015,GRC,Greece,Eastern Europe,7.260917299,58.0,2.0
2015,GTM,Guatemala,Latin America & the Caribbean,7.110302442999999,68.0,2.0
2015,GIN,Guinea,Sub-Saharan Africa,5.650030837999999,140.0,4.0
2015,GNB,Guinea-Bissau,Sub-Saharan Africa,6.205557796,120.0,3.0
2015,GUY,Guyana,Latin America & the Caribbean,6.73478346,86.0,3.0
2015,HTI,Haiti,Latin America & the Caribbean,6.875493497000001,77.0,2.0
2015,HND,Honduras,Latin America & the Caribbean,6.8738146129999995,79.0,2.0
2015,HKG,Hong Kong,East Asia,8.857580854,2.0,1.0
2015,HUN,Hungary,Eastern Europe,7.816496842,41.0,2.0
2015,ISL,Iceland,Western Europe,8.199763632,27.0,1.0
2015,IND,India,South Asia,6.407364322,114.0,3.0
2015,IDN,Indonesia,South Asia,6.714059835,90.0,3.0
2015,IRN,Iran,Middle East & North Africa,4.946036881,154.0,4.0
2015,IRL,Ireland,Western Europe,8.645524808,4.0,1.0
2015,ISR,Israel,Middle East & North Africa,7.646338717000001,46.0,2.0
2015,ITA,Italy,Western Europe,8.013608012,34.0,1.0
2015,JAM,Jamaica,Latin America & the Caribbean,7.243405882,62.0,2.0
2015,JPN,Japan,East Asia,8.083185043,31.0,1.0
2015,JOR,Jordan,Middle East & North Africa,6.881636772999999,77.0,2.0
2015,KAZ,Kazakhstan,Caucasus & Central Asia,6.84099752,80.0,2.0
2015,KEN,Kenya,Sub-Saharan Africa,6.7166945579999995,89.0,3.0
2015,KOR,"Korea, South",East Asia,8.173463506000001,30.0,1.0
2015,KWT,Kuwait,Middle East & North Africa,6.022684272999999,129.0,4.0
2015,KGZ,Kyrgyz Republic,Caucasus & Central Asia,6.51096085,105.0,3.0
2015,LAO,Laos,South Asia,6.443006919,111.0,3.0
2015,LVA,Latvia,Eastern Europe,8.268126902,23.0,1.0
2015,LBN,Lebanon,Middle East & North Africa,6.563954002999999,102.0,3.0
2015,LSO,Lesotho,Sub-Saharan Africa,6.585665574,101.0,3.0
2015,LBR,Liberia,Sub-Saharan Africa,6.620194605,98.0,3.0
2015,LBY,Libya,Middle East & North Africa,4.432118027,156.0,4.0
2015,LTU,Lithuania,Eastern Europe,8.349684134,20.0,1.0
2015,LUX,Luxembourg,Western Europe,8.484667047,13.0,1.0
2015,MKD,Macedonia,Eastern Europe,7.315449485,55.0,2.0
2015,MDG,Madagascar,Sub-Saharan Africa,6.597624796,100.0,3.0
2015,MWI,Malawi,Sub-Saharan Africa,6.608428575,99.0,3.0
2015,MYS,Malaysia,South Asia,6.560067272,102.0,3.0
2015,MLI,Mali,Sub-Saharan Africa,5.895994521,132.0,4.0
2015,MLT,Malta,Western Europe,8.380703637,18.0,1.0
2015,MRT,Mauritania,Sub-Saharan Africa,5.370912595,147.0,4.0
2015,MUS,Mauritius,Sub-Saharan Africa,7.900516457,38.0,1.0
2015,MEX,Mexico,Latin America & the Caribbean,6.896256348,75.0,2.0
2015,MDA,Moldova,Eastern Europe,6.835593974,80.0,3.0
2015,MNG,Mongolia,East Asia,7.70943627,45.0,2.0
2015,MNE,Montenegro,Eastern Europe,7.361486265,54.0,2.0
2015,MAR,Morocco,Middle East & North Africa,6.170122642000001,124.0,4.0
2015,MOZ,Mozambique,Sub-Saharan Africa,6.204761382,122.0,4.0
2015,MMR,Myanmar,South Asia,5.451370803,145.0,4.0
2015,NAM,Namibia,Sub-Saharan Africa,6.970734632999999,72.0,2.0
2015,NPL,Nepal,South Asia,6.725541224,86.0,3.0
2015,NLD,Netherlands,Western Europe,8.548259045,7.0,1.0
2015,NZL,New Zealand,Oceania,8.876890041000001,1.0,1.0
2015,NIC,Nicaragua,Latin America & the Caribbean,6.81612606,82.0,3.0
2015,NER,Niger,Sub-Saharan Africa,5.672234987,139.0,4.0
2015,NGA,Nigeria,Sub-Saharan Africa,6.010441361,130.0,4.0
2015,NOR,Norway,Western Europe,8.519495857999999,10.0,1.0
2015,OMN,Oman,Middle East & North Africa,6.116406195,127.0,4.0
2015,PAK,Pakistan,South Asia,5.612343569,141.0,4.0
2015,PAN,Panama,Latin America & the Caribbean,7.638484471,47.0,2.0
2015,PNG,Pap. New Guinea,Oceania,6.682072282000001,94.0,3.0
2015,PRY,Paraguay,Latin America & the Caribbean,6.954961063,73.0,2.0
2015,PER,Peru,Latin America & the Caribbean,7.615036554,48.0,2.0
2015,PHL,Philippines,South Asia,7.052764482000001,71.0,2.0
2015,POL,Poland,Eastern Europe,7.990384338999999,36.0,1.0
2015,PRT,Portugal,Western Europe,8.295667819,22.0,1.0
2015,QAT,Qatar,Middle East & North Africa,6.512465295,105.0,3.0
2015,ROU,Romania,Eastern Europe,8.207011317000001,26.0,1.0
2015,RUS,Russia,Eastern Europe,6.168259454,124.0,4.0
2015,RWA,Rwanda,Sub-Saharan Africa,7.055828428,70.0,2.0
2015,SAU,Saudi Arabia,Middle East & North Africa,5.322203778,149.0,4.0
2015,SEN,Senegal,Sub-Saharan Africa,6.496133675,107.0,3.0
2015,SRB,Serbia,Eastern Europe,7.370479819,53.0,2.0
2015,SYC,Seychelles,Sub-Saharan Africa,7.538074064,50.0,2.0
2015,SLE,Sierra Leone,Sub-Saharan Africa,6.478120071,109.0,3.0
2015,SGP,Singapore,South Asia,8.226765387999999,25.0,1.0
2015,SVK,Slovak Rep.,Eastern Europe,7.922490231,37.0,1.0
2015,SVN,Slovenia,Eastern Europe,8.017880322,33.0,1.0
2015,ZAF,South Africa,Sub-Saharan Africa,7.256591899,58.0,2.0
2015,ESP,Spain,Western Europe,8.175966435,28.0,1.0
2015,LKA,Sri Lanka,South Asia,6.333774971,116.0,3.0
2015,SUR,Suriname,Latin America & the Caribbean,7.30020369,57.0,2.0
2015,SWZ,Swaziland,Sub-Saharan Africa,6.284964555,117.0,3.0
2015,SWE,Sweden,Western Europe,8.484574296,13.0,1.0
2015,CHE,Switzerland,Western Europe,8.814458177999999,3.0,1.0
2015,SYR,Syria,Middle East & North Africa,3.9108264289999997,159.0,4.0
2015,TWN,Taiwan,East Asia,8.40662716,17.0,1.0
2015,TJK,Tajikistan,Caucasus & Central Asia,6.206025992000001,120.0,4.0
2015,TZA,Tanzania,Sub-Saharan Africa,6.555737389,102.0,3.0
2015,THA,Thailand,South Asia,6.626618128,97.0,3.0
2015,TLS,Timor-Leste,South Asia,6.10535483,128.0,4.0
2015,TGO,Togo,Sub-Saharan Africa,6.195466842,122.0,4.0
2015,TTO,Trinidad and Tobago,Latin America & the Caribbean,6.75996737,84.0,3.0
2015,TUN,Tunisia,Middle East & North Africa,6.46563917,110.0,3.0
2015,TUR,Turkey,Middle East & North Africa,6.656816926,96.0,3.0
2015,UGA,Uganda,Sub-Saharan Africa,6.709794702000001,90.0,3.0
2015,UKR,Ukraine,Eastern Europe,5.844351567,134.0,4.0
2015,ARE,United Arab Emirates,Middle East & North Africa,6.275227501,117.0,3.0
2015,GBR,United Kingdom,Western Europe,8.528703805,9.0,1.0
2015,USA,United States,North America,8.378784993,18.0,1.0
2015,URY,Uruguay,Latin America & the Caribbean,7.770346829,44.0,2.0
2015,VEN,Venezuela,Latin America & the Caribbean,4.24174988,157.0,4.0
2015,VNM,Vietnam,South Asia,6.157491413,126.0,4.0
2015,YEM,"Yemen, Rep.",Middle East & North Africa,4.203442179,158.0,4.0
2015,ZMB,Zambia,Sub-Saharan Africa,6.434490094,113.0,3.0
2015,ZWE,Zimbabwe,Sub-Saharan Africa,5.582639607999999,142.0,4.0
2014,ALB,Albania,Eastern Europe,7.61508284,47.0,2.0
2014,DZA,Algeria,Middle East & North Africa,5.194328288,152.0,4.0
2014,AGO,Angola,Sub-Saharan Africa,5.618964119,141.0,4.0
2014,ARG,Argentina,Latin America & the Caribbean,6.207145102999999,124.0,4.0
2014,ARM,Armenia,Caucasus & Central Asia,7.307985965,56.0,2.0
2014,AUS,Australia,Oceania,8.672342139,5.0,1.0
2014,AUT,Austria,Western Europe,8.530127871,10.0,1.0
2014,AZE,Azerbaijan,Caucasus & Central Asia,6.11168378,129.0,4.0
2014,BHS,Bahamas,Latin America & the Caribbean,7.371080415,55.0,2.0
2014,BHR,Bahrain,Middle East & North Africa,6.674289283999999,94.0,3.0
2014,BGD,Bangladesh,South Asia,5.897130036,134.0,4.0
2014,BRD,Barbados,Latin America & the Caribbean,7.255031757,60.0,2.0
2014,BEL,Belgium,Western Europe,8.345543595,17.0,1.0
2014,BLZ,Belize,Latin America & the Caribbean,6.941909202000001,76.0,2.0
2014,BEN,Benin,Sub-Saharan Africa,6.751381491,90.0,3.0
2014,BTN,Bhutan,South Asia,6.85646176,82.0,3.0
2014,BOL,Bolivia,Latin America & the Caribbean,6.77605832,86.0,3.0
2014,BIH,Bosnia and Herzegovina,Eastern Europe,7.411478407000001,53.0,2.0
2014,BWA,Botswana,Sub-Saharan Africa,7.021225842000001,70.0,2.0
2014,BRA,Brazil,Latin America & the Caribbean,6.444999694,114.0,3.0
2014,BRN,Brunei Darussalam,South Asia,5.784087244,137.0,4.0
2014,BGR,Bulgaria,Eastern Europe,7.848782998,42.0,2.0
2014,BFA,Burkina Faso,Sub-Saharan Africa,6.66712846,94.0,3.0
2014,BDI,Burundi,Sub-Saharan Africa,5.304037402,151.0,4.0
2014,KHM,Cambodia,South Asia,7.242739211,61.0,2.0
2014,CMR,Cameroon,Sub-Saharan Africa,5.721978614,139.0,4.0
2014,CAN,Canada,North America,8.719552703,4.0,1.0
2014,CPV,Cape Verde,Sub-Saharan Africa,7.283377261,58.0,2.0
2014,CAF,Central Afr. Rep.,Sub-Saharan Africa,5.306738505,150.0,4.0
2014,TCD,Chad,Sub-Saharan Africa,5.482045514,144.0,4.0
2014,CHL,Chile,Latin America & the Caribbean,8.017589148999999,35.0,1.0
2014,CHN,China,East Asia,5.949879602999999,133.0,4.0
2014,COL,Colombia,Latin America & the Caribbean,6.763731861,88.0,3.0
2014,COD,"Congo, Dem. R.",Sub-Saharan Africa,5.028850291,154.0,4.0
2014,COG,"Congo, Rep. Of",Sub-Saharan Africa,5.727710136000001,138.0,4.0
2014,CRI,Costa Rica,Latin America & the Caribbean,8.058857435,33.0,1.0
2014,CIV,Cote d'Ivoire,Sub-Saharan Africa,6.485539052999999,111.0,3.0
2014,HRV,Croatia,Eastern Europe,7.739444767,43.0,2.0
2014,CYP,Cyprus,Eastern Europe,8.015890575,35.0,1.0
2014,CZE,Czech Rep.,Eastern Europe,8.239657227999999,25.0,1.0
2014,DNK,Denmark,Western Europe,8.607840268,7.0,1.0
2014,DOM,Dominican Rep.,Latin America & the Caribbean,7.27586445,58.0,2.0
2014,ECU,Ecuador,Latin America & the Caribbean,6.523791123,107.0,3.0
2014,EGY,Egypt,Middle East & North Africa,5.040691235,153.0,4.0
2014,SLV,El Salvador,Latin America & the Caribbean,7.420582400000001,52.0,2.0
2014,EST,Estonia,Eastern Europe,8.395252649,16.0,1.0
2014,ETH,Ethiopia,Sub-Saharan Africa,5.319690856,149.0,4.0
2014,FJI,Fiji,Oceania,7.053694403,67.0,2.0
2014,FIN,Finland,Western Europe,8.638352543,6.0,1.0
2014,FRA,France,Western Europe,8.147373177,30.0,1.0
2014,GAB,Gabon,Sub-Saharan Africa,5.3996183570000005,147.0,4.0
2014,GMB,"Gambia, The",Sub-Saharan Africa,6.563964887000001,105.0,3.0
2014,GEO,Georgia,Caucasus & Central Asia,7.895940922,41.0,2.0
2014,DEU,Germany,Western Europe,8.486199533999999,12.0,1.0
2014,GHA,Ghana,Sub-Saharan Africa,7.14044982,65.0,2.0
2014,GRC,Greece,Eastern Europe,7.47658543,50.0,2.0
2014,GTM,Guatemala,Latin America & the Caribbean,7.302367372000001,57.0,2.0
2014,GIN,Guinea,Sub-Saharan Africa,5.494057416,143.0,4.0
2014,GNB,Guinea-Bissau,Sub-Saharan Africa,6.00377922,132.0,4.0
2014,GUY,Guyana,Latin America & the Caribbean,6.577630376,102.0,3.0
2014,HTI,Haiti,Latin America & the Caribbean,7.02700541,68.0,2.0
2014,HND,Honduras,Latin America & the Caribbean,6.906581763999999,79.0,2.0
2014,HKG,Hong Kong,East Asia,8.892455501,2.0,1.0
2014,HUN,Hungary,Eastern Europe,7.96364927,39.0,1.0
2014,ISL,Iceland,Western Europe,8.238316864,25.0,1.0
2014,IND,India,South Asia,6.254944233,121.0,4.0
2014,IDN,Indonesia,South Asia,6.709357777,92.0,3.0
2014,IRN,Iran,Middle East & North Africa,4.560685665,157.0,4.0
2014,IRL,Ireland,Western Europe,8.457800101,14.0,1.0
2014,ISR,Israel,Middle East & North Africa,7.455517242999999,51.0,2.0
2014,ITA,Italy,Western Europe,7.976814912999999,37.0,1.0
2014,JAM,Jamaica,Latin America & the Caribbean,7.24449911,61.0,2.0
2014,JPN,Japan,East Asia,8.145721961,30.0,1.0
2014,JOR,Jordan,Middle East & North Africa,6.919080803,77.0,2.0
2014,KAZ,Kazakhstan,Caucasus & Central Asia,6.849998708999999,83.0,3.0
2014,KEN,Kenya,Sub-Saharan Africa,6.655763326000001,97.0,3.0
2014,KOR,"Korea, South",East Asia,8.202720433,28.0,1.0
2014,KWT,Kuwait,Middle East & North Africa,6.262156082000001,120.0,3.0
2014,KGZ,Kyrgyz Republic,Caucasus & Central Asia,6.607284132,100.0,3.0
2014,LAO,Laos,South Asia,6.445993988,113.0,3.0
2014,LVA,Latvia,Eastern Europe,8.260536935,24.0,1.0
2014,LBN,Lebanon,Middle East & North Africa,6.577702609,102.0,3.0
2014,LSO,Lesotho,Sub-Saharan Africa,6.516615262,107.0,3.0
2014,LBR,Liberia,Sub-Saharan Africa,6.818557168,85.0,3.0
2014,LBY,Libya,Middle East & North Africa,4.51324798,158.0,4.0
2014,LTU,Lithuania,Eastern Europe,8.319542986,20.0,1.0
2014,LUX,Luxembourg,Western Europe,8.571140483999999,8.0,1.0
2014,MKD,Macedonia,Eastern Europe,7.1923647410000004,63.0,2.0
2014,MDG,Madagascar,Sub-Saharan Africa,6.830610569,84.0,3.0
2014,MWI,Malawi,Sub-Saharan Africa,6.674206119,94.0,3.0
2014,MYS,Malaysia,South Asia,6.469500551,112.0,3.0
2014,MLI,Mali,Sub-Saharan Africa,5.831699826,135.0,4.0
2014,MLT,Malta,Western Europe,8.335626768,18.0,1.0
2014,MRT,Mauritania,Sub-Saharan Africa,5.404587557,147.0,4.0
2014,MUS,Mauritius,Sub-Saharan Africa,7.9321328289999995,40.0,1.0
2014,MEX,Mexico,Latin America & the Caribbean,6.921105000000001,77.0,2.0
2014,MDA,Moldova,Eastern Europe,6.88807564,81.0,3.0
2014,MNG,Mongolia,East Asia,7.708622609,45.0,2.0
2014,MNE,Montenegro,Eastern Europe,7.635718097000001,46.0,2.0
2014,MAR,Morocco,Middle East & North Africa,6.183304314,126.0,4.0
2014,MOZ,Mozambique,Sub-Saharan Africa,6.229745352999999,122.0,4.0
2014,MMR,Myanmar,South Asia,5.578475572,142.0,4.0
2014,NAM,Namibia,Sub-Saharan Africa,7.004266114,72.0,2.0
2014,NPL,Nepal,South Asia,6.768275227999999,87.0,3.0
2014,NLD,Netherlands,Western Europe,8.475679069,13.0,1.0
2014,NZL,New Zealand,Oceania,8.921385823,1.0,1.0
2014,NIC,Nicaragua,Latin America & the Caribbean,6.9745781220000005,74.0,2.0
2014,NER,Niger,Sub-Saharan Africa,5.834480682000001,135.0,4.0
2014,NGA,Nigeria,Sub-Saharan Africa,6.051684031000001,130.0,4.0
2014,NOR,Norway,Western Europe,8.573281905,8.0,1.0
2014,OMN,Oman,Middle East & North Africa,6.377978741000001,116.0,3.0
2014,PAK,Pakistan,South Asia,5.46788881,145.0,4.0
2014,PAN,Panama,Latin America & the Caribbean,7.583917533999999,48.0,2.0
2014,PNG,Pap. New Guinea,Oceania,6.615681342999999,99.0,3.0
2014,PRY,Paraguay,Latin America & the Caribbean,7.02518439,68.0,2.0
2014,PER,Peru,Latin America & the Caribbean,7.547979889,49.0,2.0
2014,PHL,Philippines,South Asia,7.00402038,72.0,2.0
2014,POL,Poland,Eastern Europe,8.131661511,32.0,1.0
2014,PRT,Portugal,Western Europe,8.314716719,22.0,1.0
2014,QAT,Qatar,Middle East & North Africa,6.682397717000001,93.0,3.0
2014,ROU,Romania,Eastern Europe,8.321219197000001,20.0,1.0
2014,RUS,Russia,Eastern Europe,6.281298471,119.0,3.0
2014,RWA,Rwanda,Sub-Saharan Africa,6.9547868,75.0,2.0
2014,SAU,Saudi Arabia,Middle East & North Africa,5.636533188,140.0,4.0
2014,SEN,Senegal,Sub-Saharan Africa,6.519865874,107.0,3.0
2014,SRB,Serbia,Eastern Europe,7.385024168999999,54.0,2.0
2014,SYC,Seychelles,Sub-Saharan Africa,7.055370214,66.0,2.0
2014,SLE,Sierra Leone,Sub-Saharan Africa,6.643678445,98.0,3.0
2014,SGP,Singapore,South Asia,8.214531099,27.0,1.0
2014,SVK,Slovak Rep.,Eastern Europe,8.048419978,34.0,1.0
2014,SVN,Slovenia,Eastern Europe,7.973033439,38.0,1.0
2014,ZAF,South Africa,Sub-Saharan Africa,7.184779207999999,64.0,2.0
2014,ESP,Spain,Western Europe,8.197268999,28.0,1.0
2014,LKA,Sri Lanka,South Asia,6.167201332,127.0,4.0
2014,SUR,Suriname,Latin America & the Caribbean,7.021839041000001,70.0,2.0
2014,SWZ,Swaziland,Sub-Saharan Africa,6.212136665,124.0,4.0
2014,SWE,Sweden,Western Europe,8.436783012000001,15.0,1.0
2014,CHE,Switzerland,Western Europe,8.806932103,3.0,1.0
2014,SYR,Syria,Middle East & North Africa,4.023595192,159.0,4.0
2014,TWN,Taiwan,East Asia,8.272642583,23.0,1.0
2014,TJK,Tajikistan,Caucasus & Central Asia,6.324275342000001,118.0,3.0
2014,TZA,Tanzania,Sub-Saharan Africa,6.5599655089999995,105.0,3.0
2014,THA,Thailand,South Asia,6.593850657999999,101.0,3.0
2014,TLS,Timor-Leste,South Asia,6.497712223,110.0,3.0
2014,TGO,Togo,Sub-Saharan Africa,6.230779139,122.0,4.0
2014,TTO,Trinidad and Tobago,Latin America & the Caribbean,6.903894719,80.0,2.0
2014,TUN,Tunisia,Middle East & North Africa,6.572693667,104.0,3.0
2014,TUR,Turkey,Middle East & North Africa,6.7561508660000005,88.0,3.0
2014,UGA,Uganda,Sub-Saharan Africa,6.734945809,91.0,3.0
2014,UKR,Ukraine,Eastern Europe,6.0351988389999995,131.0,4.0
2014,ARE,United Arab Emirates,Middle East & North Africa,6.41928645,115.0,3.0
2014,GBR,United Kingdom,Western Europe,8.532902597,10.0,1.0
2014,USA,United States,North America,8.330284961,19.0,1.0
2014,URY,Uruguay,Latin America & the Caribbean,7.736980347,43.0,2.0
2014,VEN,Venezuela,Latin America & the Caribbean,4.573730018,156.0,4.0
2014,VNM,Vietnam,South Asia,6.17034097,127.0,4.0
2014,YEM,"Yemen, Rep.",Middle East & North Africa,4.629534556,155.0,4.0
2014,ZMB,Zambia,Sub-Saharan Africa,6.331481934,117.0,3.0
2014,ZWE,Zimbabwe,Sub-Saharan Africa,5.467682725,145.0,4.0
2013,ALB,Albania,Eastern Europe,7.389596629,53.0,2.0
2013,DZA,Algeria,Middle East & North Africa,5.093420924,151.0,4.0
2013,AGO,Angola,Sub-Saharan Africa,5.994838944,133.0,4.0
2013,ARG,Argentina,Latin America & the Caribbean,6.570844416,106.0,3.0
2013,ARM,Armenia,Caucasus & Central Asia,7.396940279,52.0,2.0
2013,AUS,Australia,Oceania,8.543665621,8.0,1.0
2013,AUT,Austria,Western Europe,8.475109458,11.0,1.0
2013,AZE,Azerbaijan,Caucasus & Central Asia,6.086469972000001,129.0,4.0
2013,BHS,Bahamas,Latin America & the Caribbean,7.373848881,54.0,2.0
2013,BHR,Bahrain,Middle East & North Africa,6.536132686,109.0,3.0
2013,BGD,Bangladesh,South Asia,5.831063894,137.0,4.0
2013,BRD,Barbados,Latin America & the Caribbean,7.29088558,57.0,2.0
2013,BEL,Belgium,Western Europe,8.205533362,22.0,1.0
2013,BLZ,Belize,Latin America & the Caribbean,7.085206605,68.0,3.0
2013,BEN,Benin,Sub-Saharan Africa,6.907810101,79.0,2.0
2013,BTN,Bhutan,South Asia,6.8745455579999994,83.0,3.0
2013,BOL,Bolivia,Latin America & the Caribbean,7.023938468,71.0,2.0
2013,BIH,Bosnia and Herzegovina,Eastern Europe,7.311344346,55.0,2.0
2013,BWA,Botswana,Sub-Saharan Africa,6.893040234,80.0,3.0
2013,BRA,Brazil,Latin America & the Caribbean,6.727380646,97.0,3.0
2013,BRN,Brunei Darussalam,South Asia,6.3454451689999996,120.0,4.0
2013,BGR,Bulgaria,Eastern Europe,7.838760096000001,41.0,2.0
2013,BFA,Burkina Faso,Sub-Saharan Africa,6.83022773,86.0,3.0
2013,BDI,Burundi,Sub-Saharan Africa,6.1588563579999995,127.0,4.0
2013,KHM,Cambodia,South Asia,7.181448812,61.0,2.0
2013,CMR,Cameroon,Sub-Saharan Africa,6.086251752999999,129.0,4.0
2013,CAN,Canada,North America,8.627752135,4.0,1.0
2013,CPV,Cape Verde,Sub-Saharan Africa,7.31329429,55.0,2.0
2013,CAF,Central Afr. Rep.,Sub-Saharan Africa,5.300176733,148.0,4.0
2013,TCD,Chad,Sub-Saharan Africa,5.275264041000001,149.0,4.0
2013,CHL,Chile,Latin America & the Caribbean,7.994037872000001,34.0,1.0
2013,CHN,China,East Asia,6.0637811070000005,132.0,4.0
2013,COL,Colombia,Latin America & the Caribbean,6.570410506,106.0,3.0
2013,COD,"Congo, Dem. R.",Sub-Saharan Africa,4.907996375,153.0,4.0
2013,COG,"Congo, Rep. Of",Sub-Saharan Africa,5.664823086,141.0,4.0
2013,CRI,Costa Rica,Latin America & the Caribbean,7.856514418,39.0,1.0
2013,CIV,Cote d'Ivoire,Sub-Saharan Africa,6.290210514,123.0,4.0
2013,HRV,Croatia,Eastern Europe,7.690944065,44.0,2.0
2013,CYP,Cyprus,Eastern Europe,7.852294126,40.0,1.0
2013,CZE,Czech Rep.,Eastern Europe,8.237574489,18.0,1.0
2013,DNK,Denmark,Western Europe,8.599675186,5.0,1.0
2013,DOM,Dominican Rep.,Latin America & the Caribbean,7.175953534,61.0,2.0
2013,ECU,Ecuador,Latin America & the Caribbean,6.753069585,92.0,3.0
2013,EGY,Egypt,Middle East & North Africa,5.354584979,146.0,4.0
2013,SLV,El Salvador,Latin America & the Caribbean,7.203558201,60.0,2.0
2013,EST,Estonia,Eastern Europe,8.335505592999999,16.0,1.0
2013,ETH,Ethiopia,Sub-Saharan Africa,5.693807144,140.0,4.0
2013,FJI,Fiji,Oceania,6.862124216000001,84.0,3.0
2013,FIN,Finland,Western Europe,8.578115342,6.0,1.0
2013,FRA,France,Western Europe,7.999735458,33.0,1.0
2013,GAB,Gabon,Sub-Saharan Africa,5.80457318,138.0,4.0
2013,GMB,"Gambia, The",Sub-Saharan Africa,6.6249189379999995,102.0,3.0
2013,GEO,Georgia,Caucasus & Central Asia,7.814162819,43.0,2.0
2013,DEU,Germany,Western Europe,8.440461275,12.0,1.0
2013,GHA,Ghana,Sub-Saharan Africa,7.234067672,58.0,2.0
2013,GRC,Greece,Eastern Europe,7.486946427,50.0,2.0
2013,GTM,Guatemala,Latin America & the Caribbean,7.138615991,64.0,2.0
2013,GIN,Guinea,Sub-Saharan Africa,5.766187467999999,139.0,4.0
2013,GNB,Guinea-Bissau,Sub-Saharan Africa,5.627785512999999,142.0,4.0
2013,GUY,Guyana,Latin America & the Caribbean,6.836647963,85.0,3.0
2013,HTI,Haiti,Latin America & the Caribbean,6.7392392789999995,94.0,3.0
2013,HND,Honduras,Latin America & the Caribbean,6.5426879410000005,109.0,3.0
2013,HKG,Hong Kong,East Asia,8.971814737999999,1.0,1.0
2013,HUN,Hungary,Eastern Europe,7.9489019679999995,37.0,1.0
2013,ISL,Iceland,Western Europe,8.134551314,27.0,1.0
2013,IND,India,South Asia,6.662614272999999,101.0,3.0
2013,IDN,Indonesia,South Asia,6.970870708,75.0,2.0
2013,IRN,Iran,Middle East & North Africa,4.563808631000001,156.0,4.0
2013,IRL,Ireland,Western Europe,8.527786174,9.0,1.0
2013,ISR,Israel,Middle East & North Africa,7.642391212000001,45.0,2.0
2013,ITA,Italy,Western Europe,7.975039793,35.0,1.0
2013,JAM,Jamaica,Latin America & the Caribbean,7.233387566,58.0,2.0
2013,JPN,Japan,East Asia,8.196299861,23.0,1.0
2013,JOR,Jordan,Middle East & North Africa,6.885037564,80.0,3.0
2013,KAZ,Kazakhstan,Caucasus & Central Asia,6.739074194,94.0,3.0
2013,KEN,Kenya,Sub-Saharan Africa,6.734823136,97.0,3.0
2013,KOR,"Korea, South",East Asia,8.013032637,31.0,1.0
2013,KWT,Kuwait,Middle East & North Africa,6.513792261,112.0,3.0
2013,KGZ,Kyrgyz Republic,Caucasus & Central Asia,6.452561362000001,115.0,3.0
2013,LVA,Latvia,Eastern Europe,8.216455527,20.0,1.0
2013,LBN,Lebanon,Middle East & North Africa,6.517672236,111.0,3.0
2013,LSO,Lesotho,Sub-Saharan Africa,6.3781675689999995,119.0,4.0
2013,LBY,Libya,Middle East & North Africa,4.887964895,154.0,4.0
2013,LTU,Lithuania,Eastern Europe,8.196107569,23.0,1.0
2013,LUX,Luxembourg,Western Europe,8.399014538,13.0,1.0
2013,MKD,Macedonia,Eastern Europe,7.566805756,47.0,2.0
2013,MDG,Madagascar,Sub-Saharan Africa,6.834334346,86.0,3.0
2013,MWI,Malawi,Sub-Saharan Africa,6.716589367,99.0,3.0
2013,MYS,Malaysia,South Asia,6.602414736,104.0,3.0
2013,MLI,Mali,Sub-Saharan Africa,5.96247423,134.0,4.0
2013,MLT,Malta,Western Europe,8.295163383,17.0,1.0
2013,MRT,Mauritania,Sub-Saharan Africa,5.474042001,143.0,4.0
2013,MUS,Mauritius,Sub-Saharan Africa,8.231684245,19.0,1.0
2013,MEX,Mexico,Latin America & the Caribbean,6.780395532000001,89.0,3.0
2013,MDA,Moldova,Eastern Europe,7.001998445,72.0,2.0
2013,MNG,Mongolia,East Asia,7.637595222000001,45.0,2.0
2013,MNE,Montenegro,Eastern Europe,7.565899596,47.0,2.0
2013,MAR,Morocco,Middle East & North Africa,6.3069086510000005,121.0,4.0
2013,MOZ,Mozambique,Sub-Saharan Africa,6.413641332999999,117.0,3.0
2013,MMR,Myanmar,South Asia,5.190547615,150.0,4.0
2013,NAM,Namibia,Sub-Saharan Africa,7.003490833,72.0,2.0
2013,NPL,Nepal,South Asia,6.887385411,80.0,3.0
2013,NLD,Netherlands,Western Europe,8.403018652,13.0,1.0
2013,NZL,New Zealand,Oceania,8.868584618,2.0,1.0
2013,NIC,Nicaragua,Latin America & the Caribbean,7.109560566,67.0,2.0
2013,NER,Niger,Sub-Saharan Africa,5.953385834,135.0,4.0
2013,NGA,Nigeria,Sub-Saharan Africa,5.917728297999999,136.0,4.0
2013,NOR,Norway,Western Europe,8.580084703999999,6.0,1.0
2013,OMN,Oman,Middle East & North Africa,6.3865276070000006,118.0,3.0
2013,PAK,Pakistan,South Asia,5.465421127000001,143.0,4.0
2013,PAN,Panama,Latin America & the Caribbean,7.5490422729999995,49.0,2.0
2013,PNG,Pap. New Guinea,Oceania,6.927972118,77.0,2.0
2013,PRY,Paraguay,Latin America & the Caribbean,7.119652068,66.0,2.0
2013,PER,Peru,Latin America & the Caribbean,7.4865655129999995,50.0,2.0
2013,PHL,Philippines,South Asia,6.803980179,88.0,3.0
2013,POL,Poland,Eastern Europe,8.070503364,29.0,1.0
2013,PRT,Portugal,Western Europe,8.224702942,20.0,1.0
2013,QAT,Qatar,Middle East & North Africa,6.614741463,103.0,3.0
2013,ROU,Romania,Eastern Europe,8.122809443,28.0,1.0
2013,RUS,Russia,Eastern Europe,6.444533637999999,116.0,3.0
2013,RWA,Rwanda,Sub-Saharan Africa,6.961369381,76.0,2.0
2013,SAU,Saudi Arabia,Middle East & North Africa,5.45575957,145.0,4.0
2013,SEN,Senegal,Sub-Saharan Africa,6.46772135,113.0,3.0
2013,SRB,Serbia,Eastern Europe,7.153365327,63.0,2.0
2013,SYC,Seychelles,Sub-Saharan Africa,7.026217999999999,70.0,2.0
2013,SLE,Sierra Leone,Sub-Saharan Africa,6.249241888999999,124.0,4.0
2013,SGP,Singapore,South Asia,7.968492532999999,36.0,1.0
2013,SVK,Slovak Rep.,Eastern Europe,8.068592507,29.0,1.0
2013,SVN,Slovenia,Eastern Europe,7.83524065,41.0,2.0
2013,ZAF,South Africa,Sub-Saharan Africa,7.141938322000001,64.0,2.0
2013,ESP,Spain,Western Europe,8.00589731,31.0,1.0
2013,LKA,Sri Lanka,South Asia,6.237140224,125.0,4.0
2013,SUR,Suriname,Latin America & the Caribbean,7.002772765,72.0,2.0
2013,SWZ,Swaziland,Sub-Saharan Africa,6.19978342,126.0,4.0
2013,SWE,Sweden,Western Europe,8.355575868999999,15.0,1.0
2013,CHE,Switzerland,Western Europe,8.715261916000001,3.0,1.0
2013,SYR,Syria,Middle East & North Africa,4.095028377,157.0,4.0
2013,TWN,Taiwan,East Asia,8.199116539,23.0,1.0
2013,TJK,Tajikistan,Caucasus & Central Asia,6.587587532000001,105.0,3.0
2013,TZA,Tanzania,Sub-Saharan Africa,6.761207174,91.0,3.0
2013,THA,Thailand,South Asia,6.745172748,92.0,3.0
2013,TLS,Timor-Leste,South Asia,6.567290732999999,106.0,3.0
2013,TGO,Togo,Sub-Saharan Africa,6.094975546000001,129.0,4.0
2013,TTO,Trinidad and Tobago,Latin America & the Caribbean,6.9179295839999995,78.0,2.0
2013,TUN,Tunisia,Middle East & North Africa,6.138195195,128.0,4.0
2013,TUR,Turkey,Middle East & North Africa,7.087987469,68.0,2.0
2013,UGA,Uganda,Sub-Saharan Africa,6.737992349,94.0,3.0
2013,UKR,Ukraine,Eastern Europe,6.7706347110000005,90.0,3.0
2013,ARE,United Arab Emirates,Middle East & North Africa,6.458097287,114.0,3.0
2013,GBR,United Kingdom,Western Europe,8.512753587,10.0,1.0
2013,USA,United States,North America,8.187365735,26.0,1.0
2013,URY,Uruguay,Latin America & the Caribbean,7.876803412999999,38.0,1.0
2013,VEN,Venezuela,Latin America & the Caribbean,5.013857143,152.0,4.0
2013,VNM,Vietnam,South Asia,6.309325436,121.0,4.0
2013,YEM,"Yemen, Rep.",Middle East & North Africa,4.812704931,155.0,4.0
2013,ZMB,Zambia,Sub-Saharan Africa,6.695434317999999,100.0,3.0
2013,ZWE,Zimbabwe,Sub-Saharan Africa,5.347534507,146.0,4.0
2012,ALB,Albania,Eastern Europe,7.435190912,54.0,2.0
2012,DZA,Algeria,Middle East & North Africa,5.09740352,146.0,4.0
2012,AGO,Angola,Sub-Saharan Africa,5.832180214,133.0,4.0
2012,ARG,Argentina,Latin America & the Caribbean,6.569286677999999,102.0,3.0
2012,ARM,Armenia,Caucasus & Central Asia,7.559297684,50.0,2.0
2012,AUS,Australia,Oceania,8.557936388,7.0,1.0
2012,AUT,Austria,Western Europe,8.444271876,12.0,1.0
2012,AZE,Azerbaijan,Caucasus & Central Asia,6.160655707,123.0,4.0
2012,BHS,Bahamas,Latin America & the Caribbean,7.580937417,48.0,2.0
2012,BHR,Bahrain,Middle East & North Africa,6.589263747,99.0,3.0
2012,BGD,Bangladesh,South Asia,5.858958578999999,132.0,4.0
2012,BRD,Barbados,Latin America & the Caribbean,7.35360848,56.0,2.0
2012,BEL,Belgium,Western Europe,8.191890553,23.0,1.0
2012,BLZ,Belize,Latin America & the Caribbean,7.1775777220000005,58.0,2.0
2012,BEN,Benin,Sub-Saharan Africa,6.421428196,112.0,3.0
2012,BOL,Bolivia,Latin America & the Caribbean,6.991255335,75.0,2.0
2012,BIH,Bosnia and Herzegovina,Eastern Europe,7.3324885239999995,57.0,2.0
2012,BWA,Botswana,Sub-Saharan Africa,6.829040234,84.0,3.0
2012,BRA,Brazil,Latin America & the Caribbean,6.830380012999999,84.0,3.0
2012,BRN,Brunei Darussalam,South Asia,6.830317257000001,84.0,3.0
2012,BGR,Bulgaria,Eastern Europe,7.818330894,42.0,2.0
2012,BFA,Burkina Faso,Sub-Saharan Africa,6.625860263,98.0,3.0
2012,BDI,Burundi,Sub-Saharan Africa,5.6238407939999995,138.0,4.0
2012,KHM,Cambodia,South Asia,7.131812758,60.0,2.0
2012,CMR,Cameroon,Sub-Saharan Africa,6.090272917,125.0,4.0
2012,CAN,Canada,North America,8.598394011,5.0,1.0
2012,CPV,Cape Verde,Sub-Saharan Africa,7.379235734,55.0,2.0
2012,CAF,Central Afr. Rep.,Sub-Saharan Africa,4.829056616,150.0,4.0
2012,TCD,Chad,Sub-Saharan Africa,5.13271564,145.0,4.0
2012,CHL,Chile,Latin America & the Caribbean,8.219910779,22.0,1.0
2012,CHN,China,East Asia,6.003389743,127.0,4.0
2012,COL,Colombia,Latin America & the Caribbean,6.557821085,103.0,3.0
2012,COD,"Congo, Dem. R.",Sub-Saharan Africa,4.8106643469999995,151.0,4.0
2012,COG,"Congo, Rep. Of",Sub-Saharan Africa,5.334760515,143.0,4.0
2012,CRI,Costa Rica,Latin America & the Caribbean,7.890737866,40.0,2.0
2012,CIV,Cote d'Ivoire,Sub-Saharan Africa,5.9554019920000005,129.0,4.0
2012,HRV,Croatia,Eastern Europe,7.676494353,44.0,2.0
2012,CYP,Cyprus,Eastern Europe,7.988521521,35.0,1.0
2012,CZE,Czech Rep.,Eastern Europe,8.225202715,21.0,1.0
2012,DNK,Denmark,Western Europe,8.523583455,8.0,1.0
2012,DOM,Dominican Rep.,Latin America & the Caribbean,7.031471442999999,69.0,2.0
2012,ECU,Ecuador,Latin America & the Caribbean,6.681142972000001,94.0,3.0
2012,EGY,Egypt,Middle East & North Africa,5.671286501,137.0,4.0
2012,SLV,El Salvador,Latin America & the Caribbean,7.143169312,59.0,2.0
2012,EST,Estonia,Eastern Europe,8.323872462999999,16.0,1.0
2012,ETH,Ethiopia,Sub-Saharan Africa,5.543544648999999,139.0,4.0
2012,FJI,Fiji,Oceania,7.09451287,63.0,2.0
2012,FIN,Finland,Western Europe,8.625452253999999,4.0,1.0
2012,FRA,France,Western Europe,8.011116762999999,33.0,1.0
2012,GAB,Gabon,Sub-Saharan Africa,5.73117123,135.0,4.0
2012,GMB,"Gambia, The",Sub-Saharan Africa,6.475026831,109.0,3.0
2012,GEO,Georgia,Caucasus & Central Asia,7.5641097020000005,50.0,2.0
2012,DEU,Germany,Western Europe,8.42327019,13.0,1.0
2012,GHA,Ghana,Sub-Saharan Africa,7.033530635,69.0,2.0
2012,GRC,Greece,Eastern Europe,7.6327716070000005,46.0,2.0
2012,GTM,Guatemala,Latin America & the Caribbean,6.9966037839999995,73.0,2.0
2012,GNB,Guinea-Bissau,Sub-Saharan Africa,5.955378023,129.0,4.0
2012,GUY,Guyana,Latin America & the Caribbean,7.006310031,71.0,2.0
2012,HTI,Haiti,Latin America & the Caribbean,6.524265734,105.0,3.0
2012,HND,Honduras,Latin America & the Caribbean,6.5186694229999995,105.0,3.0
2012,HKG,Hong Kong,East Asia,8.999085668,1.0,1.0
2012,HUN,Hungary,Eastern Europe,7.929346172000001,38.0,1.0
2012,ISL,Iceland,Western Europe,8.105130958,28.0,1.0
2012,IND,India,South Asia,6.87225727,83.0,3.0
2012,IDN,Indonesia,South Asia,6.880625922999999,80.0,3.0
2012,IRN,Iran,Middle East & North Africa,4.44178272,153.0,4.0
2012,IRL,Ireland,Western Europe,8.482832369,9.0,1.0
2012,ISR,Israel,Middle East & North Africa,7.565425163,49.0,2.0
2012,ITA,Italy,Western Europe,7.9727609610000005,36.0,1.0
2012,JAM,Jamaica,Latin America & the Caribbean,7.060265873,67.0,2.0
2012,JPN,Japan,East Asia,8.273474936,18.0,1.0
2012,JOR,Jordan,Middle East & North Africa,6.886891338,78.0,3.0
2012,KAZ,Kazakhstan,Caucasus & Central Asia,6.757831653999999,89.0,3.0
2012,KEN,Kenya,Sub-Saharan Africa,6.717473009,92.0,3.0
2012,KOR,"Korea, South",East Asia,8.056670500000001,31.0,1.0
2012,KWT,Kuwait,Middle East & North Africa,6.513549844,108.0,3.0
2012,KGZ,Kyrgyz Republic,Caucasus & Central Asia,6.469824906,111.0,3.0
2012,LVA,Latvia,Eastern Europe,8.141821962,24.0,1.0
2012,LBN,Lebanon,Middle East & North Africa,6.667920968,95.0,3.0
2012,LSO,Lesotho,Sub-Saharan Africa,6.331657152999999,118.0,4.0
2012,LTU,Lithuania,Eastern Europe,8.101507526,29.0,1.0
2012,LUX,Luxembourg,Western Europe,8.314570094,17.0,1.0
2012,MKD,Macedonia,Eastern Europe,7.745664132000001,43.0,2.0
2012,MDG,Madagascar,Sub-Saharan Africa,6.745301029,90.0,3.0
2012,MWI,Malawi,Sub-Saharan Africa,6.892474784,78.0,3.0
2012,MYS,Malaysia,South Asia,6.564180956,103.0,3.0
2012,MLI,Mali,Sub-Saharan Africa,5.966582077000001,128.0,4.0
2012,MLT,Malta,Western Europe,8.237023762,20.0,1.0
2012,MRT,Mauritania,Sub-Saharan Africa,5.753550532,134.0,4.0
2012,MUS,Mauritius,Sub-Saharan Africa,8.366165654,14.0,1.0
2012,MEX,Mexico,Latin America & the Caribbean,6.6726135079999995,95.0,3.0
2012,MDA,Moldova,Eastern Europe,7.050049727999999,68.0,2.0
2012,MNG,Mongolia,East Asia,7.521696663999999,53.0,2.0
2012,MNE,Montenegro,Eastern Europe,7.663848975,45.0,2.0
2012,MAR,Morocco,Middle East & North Africa,6.376908521,114.0,3.0
2012,MOZ,Mozambique,Sub-Saharan Africa,6.336044028,117.0,4.0
2012,MMR,Myanmar,South Asia,5.050197673,148.0,4.0
2012,NAM,Namibia,Sub-Saharan Africa,6.968657499,76.0,2.0
2012,NPL,Nepal,South Asia,6.695567811,93.0,3.0
2012,NLD,Netherlands,Western Europe,8.349488011,15.0,1.0
2012,NZL,New Zealand,Oceania,8.784639041,2.0,1.0
2012,NIC,Nicaragua,Latin America & the Caribbean,6.999313161,73.0,2.0
2012,NER,Niger,Sub-Saharan Africa,6.057667925,126.0,4.0
2012,NGA,Nigeria,Sub-Saharan Africa,5.72371737,136.0,4.0
2012,NOR,Norway,Western Europe,8.574077116,6.0,1.0
2012,OMN,Oman,Middle East & North Africa,6.422788156,112.0,3.0
2012,PAK,Pakistan,South Asia,5.538477723,139.0,4.0
2012,PAN,Panama,Latin America & the Caribbean,7.534258242999999,52.0,2.0
2012,PNG,Pap. New Guinea,Oceania,6.592902673999999,99.0,3.0
2012,PRY,Paraguay,Latin America & the Caribbean,7.113477065,62.0,2.0
2012,PER,Peru,Latin America & the Caribbean,7.63099092,46.0,2.0
2012,PHL,Philippines,South Asia,7.085144176,63.0,2.0
2012,POL,Poland,Eastern Europe,8.115046326,26.0,1.0
2012,PRT,Portugal,Western Europe,8.1297,25.0,1.0
2012,QAT,Qatar,Middle East & North Africa,6.377228222,114.0,3.0
2012,ROU,Romania,Eastern Europe,7.996492303999999,34.0,1.0
2012,RUS,Russia,Eastern Europe,6.476556007,109.0,3.0
2012,RWA,Rwanda,Sub-Saharan Africa,6.820159195,87.0,3.0
2012,SAU,Saudi Arabia,Middle East & North Africa,5.400079099,142.0,4.0
2012,SEN,Senegal,Sub-Saharan Africa,6.165521125,122.0,4.0
2012,SRB,Serbia,Eastern Europe,7.011449233,71.0,2.0
2012,SLE,Sierra Leone,Sub-Saharan Africa,6.147112259,124.0,4.0
2012,SGP,Singapore,South Asia,7.901725525,39.0,1.0
2012,SVK,Slovak Rep.,Eastern Europe,8.069402361,30.0,1.0
2012,SVN,Slovenia,Eastern Europe,7.875984807000001,41.0,2.0
2012,ZAF,South Africa,Sub-Saharan Africa,7.068924316,66.0,2.0
2012,ESP,Spain,Western Europe,8.016793658,32.0,1.0
2012,LKA,Sri Lanka,South Asia,6.225721649,121.0,4.0
2012,SUR,Suriname,Latin America & the Caribbean,7.131956793,60.0,2.0
2012,SWZ,Swaziland,Sub-Saharan Africa,5.927162308,131.0,4.0
2012,SWE,Sweden,Western Europe,8.464092224,11.0,1.0
2012,CHE,Switzerland,Western Europe,8.760105158,3.0,1.0
2012,SYR,Syria,Middle East & North Africa,4.866653428,149.0,4.0
2012,TWN,Taiwan,East Asia,8.116416272,26.0,1.0
2012,TJK,Tajikistan,Caucasus & Central Asia,6.743352196,91.0,3.0
2012,TZA,Tanzania,Sub-Saharan Africa,6.580361503,101.0,3.0
2012,THA,Thailand,South Asia,6.8833527960000005,80.0,3.0
2012,TLS,Timor-Leste,South Asia,6.667227287,95.0,3.0
2012,TGO,Togo,Sub-Saharan Africa,5.415906197999999,141.0,4.0
2012,TTO,Trinidad and Tobago,Latin America & the Caribbean,6.794579194,88.0,3.0
2012,TUN,Tunisia,Middle East & North Africa,6.270078069,120.0,4.0
2012,TUR,Turkey,Middle East & North Africa,7.089684984,63.0,2.0
2012,UGA,Uganda,Sub-Saharan Africa,6.521357849,105.0,3.0
2012,UKR,Ukraine,Eastern Europe,6.926985325,77.0,2.0
2012,ARE,United Arab Emirates,Middle East & North Africa,6.287808145,119.0,4.0
2012,GBR,United Kingdom,Western Europe,8.472484169,10.0,1.0
2012,USA,United States,North America,8.251223064,19.0,1.0
2012,URY,Uruguay,Latin America & the Caribbean,7.959078117000001,37.0,1.0
2012,VEN,Venezuela,Latin America & the Caribbean,5.225650396,144.0,4.0
2012,VNM,Vietnam,South Asia,6.345682817,116.0,4.0
2012,YEM,"Yemen, Rep.",Middle East & North Africa,4.775506098,152.0,4.0
2012,ZMB,Zambia,Sub-Saharan Africa,6.883593296,80.0,3.0
2012,ZWE,Zimbabwe,Sub-Saharan Africa,5.084809744,147.0,4.0
2011,ALB,Albania,Eastern Europe,7.502044237000001,53.0,2.0
2011,DZA,Algeria,Middle East & North Africa,5.211169541,147.0,4.0
2011,AGO,Angola,Sub-Saharan Africa,5.354951097,144.0,4.0
2011,ARG,Argentina,Latin America & the Caribbean,6.855326361,87.0,3.0
2011,ARM,Armenia,Caucasus & Central Asia,7.56033998,51.0,2.0
2011,AUS,Australia,Oceania,8.596250688,6.0,1.0
2011,AUT,Austria,Western Europe,8.413279904,13.0,1.0
2011,AZE,Azerbaijan,Caucasus & Central Asia,6.117849122999999,124.0,4.0
2011,BHS,Bahamas,Latin America & the Caribbean,7.631374097,49.0,2.0
2011,BHR,Bahrain,Middle East & North Africa,6.7959222829999995,91.0,3.0
2011,BGD,Bangladesh,South Asia,5.978482869,130.0,4.0
2011,BRD,Barbados,Latin America & the Caribbean,7.3293241039999995,57.0,2.0
2011,BEL,Belgium,Western Europe,8.225931736,21.0,1.0
2011,BLZ,Belize,Latin America & the Caribbean,7.257903638999999,58.0,2.0
2011,BEN,Benin,Sub-Saharan Africa,6.5866402520000005,107.0,3.0
2011,BOL,Bolivia,Latin America & the Caribbean,6.935415823,79.0,3.0
2011,BIH,Bosnia and Herzegovina,Eastern Europe,7.346709576,56.0,2.0
2011,BWA,Botswana,Sub-Saharan Africa,6.882127535,86.0,3.0
2011,BRA,Brazil,Latin America & the Caribbean,7.040544137,69.0,2.0
2011,BRN,Brunei Darussalam,South Asia,6.787915202000001,93.0,3.0
2011,BGR,Bulgaria,Eastern Europe,7.864986342999999,41.0,2.0
2011,BFA,Burkina Faso,Sub-Saharan Africa,6.748533581,95.0,3.0
2011,BDI,Burundi,Sub-Saharan Africa,5.671812021,137.0,4.0
2011,KHM,Cambodia,South Asia,7.244143796,59.0,2.0
2011,CMR,Cameroon,Sub-Saharan Africa,6.079132062,127.0,4.0
2011,CAN,Canada,North America,8.607992824,5.0,1.0
2011,CPV,Cape Verde,Sub-Saharan Africa,7.390781152000001,55.0,2.0
2011,CAF,Central Afr. Rep.,Sub-Saharan Africa,4.969729536,150.0,4.0
2011,TCD,Chad,Sub-Saharan Africa,5.31263957,146.0,4.0
2011,CHL,Chile,Latin America & the Caribbean,8.290152327000001,19.0,1.0
2011,CHN,China,East Asia,6.029485716,128.0,4.0
2011,COL,Colombia,Latin America & the Caribbean,6.674009395,103.0,3.0
2011,COD,"Congo, Dem. R.",Sub-Saharan Africa,5.038326861,149.0,4.0
2011,COG,"Congo, Rep. Of",Sub-Saharan Africa,5.3900139010000006,142.0,4.0
2011,CRI,Costa Rica,Latin America & the Caribbean,7.919854607,40.0,2.0
2011,CIV,Cote d'Ivoire,Sub-Saharan Africa,5.863494198,132.0,4.0
2011,HRV,Croatia,Eastern Europe,7.688918478,45.0,2.0
2011,CYP,Cyprus,Eastern Europe,8.163659206,24.0,1.0
2011,CZE,Czech Rep.,Eastern Europe,8.139646955,26.0,1.0
2011,DNK,Denmark,Western Europe,8.592387421,7.0,1.0
2011,DOM,Dominican Rep.,Latin America & the Caribbean,7.075986664,65.0,2.0
2011,ECU,Ecuador,Latin America & the Caribbean,6.678048715,100.0,3.0
2011,EGY,Egypt,Middle East & North Africa,5.735934965,136.0,4.0
2011,SLV,El Salvador,Latin America & the Caribbean,6.987843915,75.0,2.0
2011,EST,Estonia,Eastern Europe,8.348332219,15.0,1.0
2011,ETH,Ethiopia,Sub-Saharan Africa,5.389141325,142.0,4.0
2011,FJI,Fiji,Oceania,7.197905284,61.0,2.0
2011,FIN,Finland,Western Europe,8.674685314,4.0,1.0
2011,FRA,France,Western Europe,8.047115842,34.0,1.0
2011,GAB,Gabon,Sub-Saharan Africa,5.799872005,135.0,4.0
2011,GMB,"Gambia, The",Sub-Saharan Africa,6.616699714,105.0,3.0
2011,GEO,Georgia,Caucasus & Central Asia,7.548244232,52.0,2.0
2011,DEU,Germany,Western Europe,8.462488936,10.0,1.0
2011,GHA,Ghana,Sub-Saharan Africa,7.203735662000001,61.0,2.0
2011,GRC,Greece,Eastern Europe,7.708558786,44.0,2.0
2011,GTM,Guatemala,Latin America & the Caribbean,6.895697072000001,84.0,3.0
2011,GNB,Guinea-Bissau,Sub-Saharan Africa,5.935594714,131.0,4.0
2011,GUY,Guyana,Latin America & the Caribbean,7.0808480970000005,65.0,2.0
2011,HTI,Haiti,Latin America & the Caribbean,6.73968383,97.0,3.0
2011,HND,Honduras,Latin America & the Caribbean,6.677098709,100.0,3.0
2011,HKG,Hong Kong,East Asia,9.027890876,1.0,1.0
2011,HUN,Hungary,Eastern Europe,8.047762045,34.0,1.0
2011,ISL,Iceland,Western Europe,8.081966262,31.0,1.0
2011,IND,India,South Asia,6.928908738,81.0,3.0
2011,IDN,Indonesia,South Asia,6.939293987999999,79.0,3.0
2011,IRN,Iran,Middle East & North Africa,4.842482113,151.0,4.0
2011,IRL,Ireland,Western Europe,8.445626471,12.0,1.0
2011,ISR,Israel,Middle East & North Africa,7.642747366,47.0,2.0
2011,ITA,Italy,Western Europe,7.983160044,38.0,1.0
2011,JAM,Jamaica,Latin America & the Caribbean,7.000054232999999,74.0,2.0
2011,JPN,Japan,East Asia,8.193005522,22.0,1.0
2011,JOR,Jordan,Middle East & North Africa,6.840968727999999,89.0,3.0
2011,KAZ,Kazakhstan,Caucasus & Central Asia,6.678371471,100.0,3.0
2011,KEN,Kenya,Sub-Saharan Africa,6.746533875,95.0,3.0
2011,KOR,"Korea, South",East Asia,8.075037522,31.0,1.0
2011,KWT,Kuwait,Middle East & North Africa,6.5781257570000005,109.0,3.0
2011,KGZ,Kyrgyz Republic,Caucasus & Central Asia,6.405152072999999,114.0,3.0
2011,LVA,Latvia,Eastern Europe,8.071350606000001,33.0,1.0
2011,LBN,Lebanon,Middle East & North Africa,6.933952777000001,81.0,3.0
2011,LSO,Lesotho,Sub-Saharan Africa,6.390797986,115.0,4.0
2011,LTU,Lithuania,Eastern Europe,8.117726631,30.0,1.0
2011,LUX,Luxembourg,Western Europe,8.342448102,16.0,1.0
2011,MKD,Macedonia,Eastern Europe,7.730682213,43.0,2.0
2011,MDG,Madagascar,Sub-Saharan Africa,6.789096206,93.0,3.0
2011,MWI,Malawi,Sub-Saharan Africa,6.9937493239999995,75.0,2.0
2011,MYS,Malaysia,South Asia,6.672539673999999,103.0,3.0
2011,MLI,Mali,Sub-Saharan Africa,6.094369334,126.0,4.0
2011,MLT,Malta,Western Europe,8.337221199,16.0,1.0
2011,MRT,Mauritania,Sub-Saharan Africa,5.829615267,134.0,4.0
2011,MUS,Mauritius,Sub-Saharan Africa,8.315692151,18.0,1.0
2011,MEX,Mexico,Latin America & the Caribbean,6.721786358999999,98.0,3.0
2011,MDA,Moldova,Eastern Europe,7.081986832,65.0,2.0
2011,MNG,Mongolia,East Asia,7.575505135,50.0,2.0
2011,MNE,Montenegro,Eastern Europe,7.6448314029999995,47.0,2.0
2011,MAR,Morocco,Middle East & North Africa,6.464544865,113.0,3.0
2011,MOZ,Mozambique,Sub-Saharan Africa,6.325090512999999,118.0,4.0
2011,MMR,Myanmar,South Asia,4.779236149,152.0,4.0
2011,NAM,Namibia,Sub-Saharan Africa,6.963634676,78.0,3.0
2011,NPL,Nepal,South Asia,6.8002307989999995,91.0,3.0
2011,NLD,Netherlands,Western Europe,8.398793162999999,14.0,1.0
2011,NZL,New Zealand,Oceania,8.791730475,2.0,1.0
2011,NIC,Nicaragua,Latin America & the Caribbean,7.023952027000001,72.0,2.0
2011,NER,Niger,Sub-Saharan Africa,6.2434094579999995,121.0,4.0
2011,NGA,Nigeria,Sub-Saharan Africa,5.84015383,133.0,4.0
2011,NOR,Norway,Western Europe,8.4626989,10.0,1.0
2011,OMN,Oman,Middle East & North Africa,6.388310825,115.0,3.0
2011,PAK,Pakistan,South Asia,5.658577711,138.0,4.0
2011,PAN,Panama,Latin America & the Caribbean,7.428221737,54.0,2.0
2011,PNG,Pap. New Guinea,Oceania,6.59441459,107.0,3.0
2011,PRY,Paraguay,Latin America & the Caribbean,7.034437082,71.0,2.0
2011,PER,Peru,Latin America & the Caribbean,7.683066509,46.0,2.0
2011,PHL,Philippines,South Asia,7.123144305,64.0,2.0
2011,POL,Poland,Eastern Europe,8.169270893,23.0,1.0
2011,PRT,Portugal,Western Europe,8.135128783999999,26.0,1.0
2011,QAT,Qatar,Middle East & North Africa,6.231096858,122.0,4.0
2011,ROU,Romania,Eastern Europe,7.958425516,39.0,1.0
2011,RUS,Russia,Eastern Europe,6.47066875,112.0,3.0
2011,RWA,Rwanda,Sub-Saharan Africa,6.899931894,84.0,3.0
2011,SAU,Saudi Arabia,Middle East & North Africa,5.552782832,140.0,4.0
2011,SEN,Senegal,Sub-Saharan Africa,6.179209976,123.0,4.0
2011,SRB,Serbia,Eastern Europe,7.065929706,68.0,2.0
2011,SLE,Sierra Leone,Sub-Saharan Africa,6.0957052,125.0,4.0
2011,SGP,Singapore,South Asia,7.985541155,37.0,1.0
2011,SVK,Slovak Rep.,Eastern Europe,8.141521059,26.0,1.0
2011,SVN,Slovenia,Eastern Europe,7.850275541,42.0,2.0
2011,ZAF,South Africa,Sub-Saharan Africa,7.181898147999999,63.0,2.0
2011,ESP,Spain,Western Europe,8.125421602000001,29.0,1.0
2011,LKA,Sri Lanka,South Asia,6.359019977000001,117.0,4.0
2011,SUR,Suriname,Latin America & the Caribbean,7.040116209,69.0,2.0
2011,SWZ,Swaziland,Sub-Saharan Africa,6.025906655,128.0,4.0
2011,SWE,Sweden,Western Europe,8.506444619,8.0,1.0
2011,CHE,Switzerland,Western Europe,8.777166122,3.0,1.0
2011,SYR,Syria,Middle East & North Africa,5.6292675910000005,139.0,4.0
2011,TWN,Taiwan,East Asia,8.157819488,24.0,1.0
2011,TJK,Tajikistan,Caucasus & Central Asia,6.604089144,106.0,3.0
2011,TZA,Tanzania,Sub-Saharan Africa,6.717680359,98.0,3.0
2011,THA,Thailand,South Asia,7.006757853,73.0,2.0
2011,TLS,Timor-Leste,South Asia,6.84549069,88.0,3.0
2011,TGO,Togo,Sub-Saharan Africa,5.531652949,141.0,4.0
2011,TTO,Trinidad and Tobago,Latin America & the Caribbean,6.831867514,90.0,3.0
2011,TUN,Tunisia,Middle East & North Africa,6.561851091,110.0,3.0
2011,TUR,Turkey,Middle East & North Africa,7.218772701000001,60.0,2.0
2011,UGA,Uganda,Sub-Saharan Africa,6.546112319,111.0,3.0
2011,UKR,Ukraine,Eastern Europe,6.925909852,81.0,3.0
2011,ARE,United Arab Emirates,Middle East & North Africa,6.264677712,120.0,4.0
2011,GBR,United Kingdom,Western Europe,8.494381097,9.0,1.0
2011,USA,United States,North America,8.2364668,20.0,1.0
2011,URY,Uruguay,Latin America & the Caribbean,8.041428303,36.0,1.0
2011,VEN,Venezuela,Latin America & the Caribbean,5.332457816,145.0,4.0
2011,VNM,Vietnam,South Asia,6.3275415829999995,118.0,4.0
2011,YEM,"Yemen, Rep.",Middle East & North Africa,4.710594206000001,153.0,4.0
2011,ZMB,Zambia,Sub-Saharan Africa,6.990258686000001,75.0,2.0
2011,ZWE,Zimbabwe,Sub-Saharan Africa,5.050735669,148.0,4.0
2010,ALB,Albania,Eastern Europe,7.553625028,49.0,2.0
2010,DZA,Algeria,Middle East & North Africa,5.1393562489999995,151.0,4.0
2010,AGO,Angola,Sub-Saharan Africa,5.237694904,147.0,4.0
2010,ARG,Argentina,Latin America & the Caribbean,6.885658106,84.0,3.0
2010,ARM,Armenia,Caucasus & Central Asia,7.488131598,51.0,2.0
2010,AUS,Australia,Oceania,8.642692871,5.0,1.0
2010,AUT,Austria,Western Europe,8.321524196,17.0,1.0
2010,AZE,Azerbaijan,Caucasus & Central Asia,6.311327694,119.0,4.0
2010,BHS,Bahamas,Latin America & the Caribbean,7.637068542000001,47.0,2.0
2010,BHR,Bahrain,Middle East & North Africa,6.895730392000001,83.0,3.0
2010,BGD,Bangladesh,South Asia,5.944205222999999,128.0,4.0
2010,BRD,Barbados,Latin America & the Caribbean,7.329851162000001,57.0,2.0
2010,BEL,Belgium,Western Europe,8.243991622000001,22.0,1.0
2010,BLZ,Belize,Latin America & the Caribbean,6.9496571110000005,77.0,2.0
2010,BEN,Benin,Sub-Saharan Africa,6.4148809920000005,114.0,3.0
2010,BOL,Bolivia,Latin America & the Caribbean,6.86715054,85.0,3.0
2010,BIH,Bosnia and Herzegovina,Eastern Europe,7.417272729,53.0,2.0
2010,BWA,Botswana,Sub-Saharan Africa,6.909825948,81.0,3.0
2010,BRA,Brazil,Latin America & the Caribbean,7.114175201,68.0,2.0
2010,BRN,Brunei Darussalam,South Asia,6.723968076,95.0,3.0
2010,BGR,Bulgaria,Eastern Europe,7.799512726000001,42.0,2.0
2010,BFA,Burkina Faso,Sub-Saharan Africa,6.75707007,92.0,3.0
2010,BDI,Burundi,Sub-Saharan Africa,5.766097892,135.0,4.0
2010,KHM,Cambodia,South Asia,7.413318491,54.0,2.0
2010,CMR,Cameroon,Sub-Saharan Africa,5.88926212,131.0,4.0
2010,CAN,Canada,North America,8.640115087,5.0,1.0
2010,CPV,Cape Verde,Sub-Saharan Africa,7.346023524,56.0,2.0
2010,CAF,Central Afr. Rep.,Sub-Saharan Africa,5.2137563060000005,148.0,4.0
2010,TCD,Chad,Sub-Saharan Africa,5.569967951000001,141.0,4.0
2010,CHL,Chile,Latin America & the Caribbean,8.271367096,19.0,1.0
2010,CHN,China,East Asia,5.91182201,130.0,4.0
2010,COL,Colombia,Latin America & the Caribbean,6.811983251,88.0,3.0
2010,COD,"Congo, Dem. R.",Sub-Saharan Africa,5.447901533,145.0,4.0
2010,COG,"Congo, Rep. Of",Sub-Saharan Africa,5.702646176,137.0,4.0
2010,CRI,Costa Rica,Latin America & the Caribbean,7.682003774,46.0,2.0
2010,CIV,Cote d'Ivoire,Sub-Saharan Africa,5.753024902000001,136.0,4.0
2010,HRV,Croatia,Eastern Europe,7.414163499,54.0,2.0
2010,CYP,Cyprus,Eastern Europe,8.334084703,16.0,1.0
2010,CZE,Czech Rep.,Eastern Europe,8.155990167999999,26.0,1.0
2010,DNK,Denmark,Western Europe,8.629381029,7.0,1.0
2010,DOM,Dominican Rep.,Latin America & the Caribbean,7.065832238,70.0,2.0
2010,ECU,Ecuador,Latin America & the Caribbean,6.6408260310000005,102.0,3.0
2010,EGY,Egypt,Middle East & North Africa,5.944259599,128.0,4.0
2010,SLV,El Salvador,Latin America & the Caribbean,7.219149306,62.0,2.0
2010,EST,Estonia,Eastern Europe,8.44331859,11.0,1.0
2010,ETH,Ethiopia,Sub-Saharan Africa,5.473526401,144.0,4.0
2010,FJI,Fiji,Oceania,7.246718222999999,60.0,2.0
2010,FIN,Finland,Western Europe,8.645241088999999,4.0,1.0
2010,FRA,France,Western Europe,8.102085654,28.0,1.0
2010,GAB,Gabon,Sub-Saharan Africa,5.800136555,133.0,4.0
2010,GMB,"Gambia, The",Sub-Saharan Africa,6.408104005,114.0,3.0
2010,GEO,Georgia,Caucasus & Central Asia,7.818304605,41.0,2.0
2010,DEU,Germany,Western Europe,8.348372223,14.0,1.0
2010,GHA,Ghana,Sub-Saharan Africa,7.165817275,66.0,2.0
2010,GRC,Greece,Eastern Europe,7.714738725,45.0,2.0
2010,GTM,Guatemala,Latin America & the Caribbean,7.211521164,63.0,2.0
2010,GNB,Guinea-Bissau,Sub-Saharan Africa,5.69052527,138.0,4.0
2010,GUY,Guyana,Latin America & the Caribbean,6.70229469,99.0,3.0
2010,HTI,Haiti,Latin America & the Caribbean,6.61591679,103.0,3.0
2010,HND,Honduras,Latin America & the Caribbean,6.849277146,86.0,3.0
2010,HKG,Hong Kong,East Asia,9.028447907,1.0,1.0
2010,HUN,Hungary,Eastern Europe,8.096436,28.0,1.0
2010,ISL,Iceland,Western Europe,7.836819568999999,40.0,2.0
2010,IND,India,South Asia,6.482085841,113.0,3.0
2010,IDN,Indonesia,South Asia,7.0064216020000005,74.0,2.0
2010,IRN,Iran,Middle East & North Africa,5.1995024039999995,149.0,4.0
2010,IRL,Ireland,Western Europe,8.369535763,12.0,1.0
2010,ISR,Israel,Middle East & North Africa,7.898468542000001,39.0,1.0
2010,ITA,Italy,Western Europe,7.9762129360000005,37.0,1.0
2010,JAM,Jamaica,Latin America & the Caribbean,7.097204861,69.0,2.0
2010,JPN,Japan,East Asia,8.189865485,24.0,1.0
2010,JOR,Jordan,Middle East & North Africa,6.692852024,100.0,3.0
2010,KAZ,Kazakhstan,Caucasus & Central Asia,6.92544927,79.0,3.0
2010,KEN,Kenya,Sub-Saharan Africa,6.692387656,100.0,3.0
2010,KOR,"Korea, South",East Asia,8.171659215,25.0,1.0
2010,KWT,Kuwait,Middle East & North Africa,6.597137367999999,105.0,3.0
2010,KGZ,Kyrgyz Republic,Caucasus & Central Asia,6.399291985,116.0,4.0
2010,LVA,Latvia,Eastern Europe,7.943820357999999,38.0,1.0
2010,LBN,Lebanon,Middle East & North Africa,6.831532752999999,87.0,3.0
2010,LSO,Lesotho,Sub-Saharan Africa,5.883610486,132.0,4.0
2010,LTU,Lithuania,Eastern Europe,8.06700822,31.0,1.0
2010,LUX,Luxembourg,Western Europe,8.366378111,12.0,1.0
2010,MKD,Macedonia,Eastern Europe,7.547960222,49.0,2.0
2010,MDG,Madagascar,Sub-Saharan Africa,6.6164771579999995,103.0,3.0
2010,MWI,Malawi,Sub-Saharan Africa,6.770515007,90.0,3.0
2010,MYS,Malaysia,South Asia,6.577418071,108.0,3.0
2010,MLI,Mali,Sub-Saharan Africa,6.283035269,120.0,4.0
2010,MLT,Malta,Western Europe,8.31107695,18.0,1.0
2010,MRT,Mauritania,Sub-Saharan Africa,5.784328803999999,134.0,4.0
2010,MUS,Mauritius,Sub-Saharan Africa,8.243358111000001,22.0,1.0
2010,MEX,Mexico,Latin America & the Caribbean,6.72392677,95.0,3.0
2010,MDA,Moldova,Eastern Europe,7.015258695,73.0,2.0
2010,MNG,Mongolia,East Asia,7.3199163810000005,58.0,2.0
2010,MNE,Montenegro,Eastern Europe,7.769285535,43.0,2.0
2010,MAR,Morocco,Middle East & North Africa,6.401966042000001,116.0,4.0
2010,MOZ,Mozambique,Sub-Saharan Africa,5.954574194,127.0,4.0
2010,MMR,Myanmar,South Asia,5.033974751000001,152.0,4.0
2010,NAM,Namibia,Sub-Saharan Africa,7.041205687000001,71.0,2.0
2010,NPL,Nepal,South Asia,6.773826786,90.0,3.0
2010,NLD,Netherlands,Western Europe,8.338628577,15.0,1.0
2010,NZL,New Zealand,Oceania,8.879076728,2.0,1.0
2010,NIC,Nicaragua,Latin America & the Caribbean,7.290495428,59.0,2.0
2010,NER,Niger,Sub-Saharan Africa,6.552164251000001,109.0,3.0
2010,NGA,Nigeria,Sub-Saharan Africa,6.000912773,126.0,4.0
2010,NOR,Norway,Western Europe,8.51592539,8.0,1.0
2010,OMN,Oman,Middle East & North Africa,6.221742299,121.0,4.0
2010,PAK,Pakistan,South Asia,5.501967145,143.0,4.0
2010,PAN,Panama,Latin America & the Caribbean,7.451840015,52.0,2.0
2010,PNG,Pap. New Guinea,Oceania,6.94566459,77.0,3.0
2010,PRY,Paraguay,Latin America & the Caribbean,7.02908407,72.0,2.0
2010,PER,Peru,Latin America & the Caribbean,7.619558845,48.0,2.0
2010,PHL,Philippines,South Asia,7.184964619,65.0,2.0
2010,POL,Poland,Eastern Europe,8.024837508,33.0,1.0
2010,PRT,Portugal,Western Europe,7.99985023,35.0,1.0
2010,QAT,Qatar,Middle East & North Africa,6.155398065,123.0,4.0
2010,ROU,Romania,Eastern Europe,8.024764965,33.0,1.0
2010,RUS,Russia,Eastern Europe,6.516866747999999,110.0,3.0
2010,RWA,Rwanda,Sub-Saharan Africa,6.97027171,76.0,2.0
2010,SAU,Saudi Arabia,Middle East & North Africa,5.658029989,140.0,4.0
2010,SEN,Senegal,Sub-Saharan Africa,6.205384819,122.0,4.0
2010,SRB,Serbia,Eastern Europe,7.144191366,67.0,2.0
2010,SLE,Sierra Leone,Sub-Saharan Africa,6.3476255020000005,118.0,4.0
2010,SGP,Singapore,South Asia,8.10271966,28.0,1.0
2010,SVK,Slovak Rep.,Eastern Europe,8.123184852,27.0,1.0
2010,SVN,Slovenia,Eastern Europe,7.720019452000001,44.0,2.0
2010,ZAF,South Africa,Sub-Saharan Africa,6.924080687999999,80.0,3.0
2010,ESP,Spain,Western Europe,8.24620003,21.0,1.0
2010,LKA,Sri Lanka,South Asia,6.60032485,105.0,3.0
2010,SUR,Suriname,Latin America & the Caribbean,7.246088431,60.0,2.0
2010,SWZ,Swaziland,Sub-Saharan Africa,6.131358044,124.0,4.0
2010,SWE,Sweden,Western Europe,8.50930254,9.0,1.0
2010,CHE,Switzerland,Western Europe,8.818141443,3.0,1.0
2010,SYR,Syria,Middle East & North Africa,5.554295962,142.0,4.0
2010,TWN,Taiwan,East Asia,7.9974533910000005,35.0,1.0
2010,TJK,Tajikistan,Caucasus & Central Asia,6.9076341470000004,81.0,3.0
2010,TZA,Tanzania,Sub-Saharan Africa,6.589585152000001,107.0,3.0
2010,THA,Thailand,South Asia,7.199052729,64.0,2.0
2010,TLS,Timor-Leste,South Asia,6.743546245,93.0,3.0
2010,TGO,Togo,Sub-Saharan Africa,5.67489369,139.0,4.0
2010,TTO,Trinidad and Tobago,Latin America & the Caribbean,6.725200847000001,94.0,3.0
2010,TUN,Tunisia,Middle East & North Africa,6.088739601,125.0,4.0
2010,TUR,Turkey,Middle East & North Africa,6.9910000839999995,75.0,2.0
2010,UGA,Uganda,Sub-Saharan Africa,6.523093745,110.0,3.0
2010,UKR,Ukraine,Eastern Europe,6.798132026,89.0,3.0
2010,ARE,United Arab Emirates,Middle East & North Africa,6.71088474,98.0,3.0
2010,GBR,United Kingdom,Western Europe,8.451403071,10.0,1.0
2010,USA,United States,North America,8.260846041,20.0,1.0
2010,URY,Uruguay,Latin America & the Caribbean,8.073787564,31.0,1.0
2010,VEN,Venezuela,Latin America & the Caribbean,5.1566190480000005,150.0,4.0
2010,VNM,Vietnam,South Asia,6.504935552999999,112.0,3.0
2010,YEM,"Yemen, Rep.",Middle East & North Africa,5.425224246,146.0,4.0
2010,ZMB,Zambia,Sub-Saharan Africa,6.718691464,95.0,3.0
2010,ZWE,Zimbabwe,Sub-Saharan Africa,4.909414793,153.0,4.0
2009,ALB,Albania,Eastern Europe,7.585133596,46.0,2.0
2009,DZA,Algeria,Middle East & North Africa,5.159940635,139.0,4.0
2009,AGO,Angola,Sub-Saharan Africa,5.206897575,138.0,4.0
2009,ARG,Argentina,Latin America & the Caribbean,6.997731122999999,70.0,2.0
2009,ARM,Armenia,Caucasus & Central Asia,7.47916104,52.0,2.0
2009,AUS,Australia,Oceania,8.630312773,5.0,1.0
2009,AUT,Austria,Western Europe,8.345880617,14.0,1.0
2009,AZE,Azerbaijan,Caucasus & Central Asia,6.176735582999999,114.0,4.0
2009,BHS,Bahamas,Latin America & the Caribbean,7.745257644,45.0,2.0
2009,BHR,Bahrain,Middle East & North Africa,7.020660561000001,69.0,2.0
2009,BGD,Bangladesh,South Asia,5.916510685,120.0,4.0
2009,BRD,Barbados,Latin America & the Caribbean,7.369415048,55.0,2.0
2009,BEL,Belgium,Western Europe,8.195431758,22.0,1.0
2009,BLZ,Belize,Latin America & the Caribbean,7.2146744720000004,63.0,2.0
2009,BEN,Benin,Sub-Saharan Africa,6.486473585,101.0,3.0
2009,BOL,Bolivia,Latin America & the Caribbean,6.920340044,76.0,3.0
2009,BIH,Bosnia and Herzegovina,Eastern Europe,7.3932939520000005,54.0,2.0
2009,BWA,Botswana,Sub-Saharan Africa,6.799034323,85.0,3.0
2009,BRA,Brazil,Latin America & the Caribbean,6.995548966,70.0,2.0
2009,BGR,Bulgaria,Eastern Europe,7.848102367,40.0,2.0
2009,BFA,Burkina Faso,Sub-Saharan Africa,6.666082374,93.0,3.0
2009,BDI,Burundi,Sub-Saharan Africa,6.117209218999999,116.0,4.0
2009,CMR,Cameroon,Sub-Saharan Africa,5.79377628,126.0,4.0
2009,CAN,Canada,North America,8.638999354,4.0,1.0
2009,CAF,Central Afr. Rep.,Sub-Saharan Africa,5.405057834,134.0,4.0
2009,TCD,Chad,Sub-Saharan Africa,5.352743427,136.0,4.0
2009,CHL,Chile,Latin America & the Caribbean,8.249135968,19.0,1.0
2009,CHN,China,East Asia,5.937936265,118.0,4.0
2009,COL,Colombia,Latin America & the Caribbean,6.7475716839999995,90.0,3.0
2009,COD,"Congo, Dem. R.",Sub-Saharan Africa,5.444295478,133.0,4.0
2009,COG,"Congo, Rep. Of",Sub-Saharan Africa,5.64990279,129.0,4.0
2009,CRI,Costa Rica,Latin America & the Caribbean,7.817826325,42.0,2.0
2009,CIV,Cote d'Ivoire,Sub-Saharan Africa,5.794556957,126.0,4.0
2009,HRV,Croatia,Eastern Europe,7.594676647000001,46.0,2.0
2009,CYP,Cyprus,Eastern Europe,8.345637657000001,14.0,1.0
2009,CZE,Czech Rep.,Eastern Europe,8.161824436,25.0,1.0
2009,DNK,Denmark,Western Europe,8.572328379,8.0,1.0
2009,DOM,Dominican Rep.,Latin America & the Caribbean,6.994194332999999,72.0,3.0
2009,ECU,Ecuador,Latin America & the Caribbean,6.64996875,95.0,3.0
2009,EGY,Egypt,Middle East & North Africa,5.880784987,122.0,4.0
2009,SLV,El Salvador,Latin America & the Caribbean,7.161024306,67.0,2.0
2009,EST,Estonia,Eastern Europe,8.378999516,12.0,1.0
2009,ETH,Ethiopia,Sub-Saharan Africa,5.498212187000001,132.0,4.0
2009,FJI,Fiji,Oceania,7.318470927000001,56.0,2.0
2009,FIN,Finland,Western Europe,8.610269069,6.0,1.0
2009,FRA,France,Western Europe,8.21487322,21.0,1.0
2009,GAB,Gabon,Sub-Saharan Africa,5.942305867000001,118.0,4.0
2009,GEO,Georgia,Caucasus & Central Asia,7.777713207000001,44.0,2.0
2009,DEU,Germany,Western Europe,8.34638437,14.0,1.0
2009,GHA,Ghana,Sub-Saharan Africa,7.249368136,60.0,2.0
2009,GRC,Greece,Eastern Europe,7.863461447000001,39.0,2.0
2009,GTM,Guatemala,Latin America & the Caribbean,7.167473545,66.0,2.0
2009,GNB,Guinea-Bissau,Sub-Saharan Africa,5.8257606829999995,125.0,4.0
2009,GUY,Guyana,Latin America & the Caribbean,6.832992074,81.0,3.0
2009,HTI,Haiti,Latin America & the Caribbean,6.9318852,75.0,3.0
2009,HND,Honduras,Latin America & the Caribbean,6.858298937000001,79.0,3.0
2009,HKG,Hong Kong,East Asia,9.052653088,1.0,1.0
2009,HUN,Hungary,Eastern Europe,8.084371354,30.0,1.0
2009,ISL,Iceland,Western Europe,8.072751354,32.0,1.0
2009,IND,India,South Asia,6.490823625,101.0,3.0
2009,IDN,Indonesia,South Asia,6.874152216000001,78.0,3.0
2009,IRN,Iran,Middle East & North Africa,5.131931145,140.0,4.0
2009,IRL,Ireland,Western Europe,8.402759288,11.0,1.0
2009,ISR,Israel,Middle East & North Africa,7.495602988,51.0,2.0
2009,ITA,Italy,Western Europe,7.881115021,38.0,2.0
2009,JAM,Jamaica,Latin America & the Caribbean,7.277135417,58.0,2.0
2009,JPN,Japan,East Asia,8.191371714,23.0,1.0
2009,JOR,Jordan,Middle East & North Africa,6.624606493,96.0,3.0
2009,KAZ,Kazakhstan,Caucasus & Central Asia,6.9190616689999995,76.0,3.0
2009,KEN,Kenya,Sub-Saharan Africa,6.660161611,94.0,3.0
2009,KOR,"Korea, South",East Asia,8.051751807999999,34.0,1.0
2009,KWT,Kuwait,Middle East & North Africa,6.683036528,92.0,3.0
2009,KGZ,Kyrgyz Republic,Caucasus & Central Asia,6.775686062999999,87.0,3.0
2009,LVA,Latvia,Eastern Europe,7.890817675,37.0,2.0
2009,LSO,Lesotho,Sub-Saharan Africa,5.867638264,123.0,4.0
2009,LTU,Lithuania,Eastern Europe,8.121203697999999,26.0,1.0
2009,LUX,Luxembourg,Western Europe,8.246273578,19.0,1.0
2009,MKD,Macedonia,Eastern Europe,7.48386637,52.0,2.0
2009,MDG,Madagascar,Sub-Saharan Africa,6.549999467,100.0,3.0
2009,MWI,Malawi,Sub-Saharan Africa,6.778147186,87.0,3.0
2009,MYS,Malaysia,South Asia,6.574382912000001,98.0,3.0
2009,MLI,Mali,Sub-Saharan Africa,6.185010122,113.0,4.0
2009,MLT,Malta,Western Europe,8.360116093,13.0,1.0
2009,MRT,Mauritania,Sub-Saharan Africa,5.954854683,117.0,4.0
2009,MUS,Mauritius,Sub-Saharan Africa,8.105452487,28.0,1.0
2009,MEX,Mexico,Latin America & the Caribbean,6.832680087999999,81.0,3.0
2009,MDA,Moldova,Eastern Europe,7.19384373,65.0,2.0
2009,MNG,Mongolia,East Asia,7.295919861000001,57.0,2.0
2009,MNE,Montenegro,Eastern Europe,7.580152112,48.0,2.0
2009,MAR,Morocco,Middle East & North Africa,6.361933327000001,108.0,4.0
2009,MOZ,Mozambique,Sub-Saharan Africa,5.856997369,124.0,4.0
2009,MMR,Myanmar,South Asia,5.3612473,135.0,4.0
2009,NAM,Namibia,Sub-Saharan Africa,7.058721039,68.0,2.0
2009,NPL,Nepal,South Asia,6.713549295,91.0,3.0
2009,NLD,Netherlands,Western Europe,8.331244474,17.0,1.0
2009,NZL,New Zealand,Oceania,8.797717026,2.0,1.0
2009,NIC,Nicaragua,Latin America & the Caribbean,7.199153764,64.0,2.0
2009,NER,Niger,Sub-Saharan Africa,6.375930539,107.0,4.0
2009,NGA,Nigeria,Sub-Saharan Africa,5.889429496,121.0,4.0
2009,NOR,Norway,Western Europe,8.460101009,9.0,1.0
2009,OMN,Oman,Middle East & North Africa,6.357652624,108.0,4.0
2009,PAK,Pakistan,South Asia,5.595221297,130.0,4.0
2009,PAN,Panama,Latin America & the Caribbean,7.518631533,50.0,2.0
2009,PNG,Pap. New Guinea,Oceania,6.8049180620000005,85.0,3.0
2009,PRY,Paraguay,Latin America & the Caribbean,6.850076434,80.0,3.0
2009,PER,Peru,Latin America & the Caribbean,7.541654728999999,49.0,2.0
2009,PHL,Philippines,South Asia,6.950193747,74.0,3.0
2009,POL,Poland,Eastern Europe,8.075007573999999,30.0,1.0
2009,PRT,Portugal,Western Europe,8.015403484,35.0,1.0
2009,ROU,Romania,Eastern Europe,8.059244209,33.0,1.0
2009,RUS,Russia,Eastern Europe,6.447556416,104.0,3.0
2009,RWA,Rwanda,Sub-Saharan Africa,7.23220888,61.0,2.0
2009,SEN,Senegal,Sub-Saharan Africa,6.333262373999999,110.0,4.0
2009,SRB,Serbia,Eastern Europe,7.229333061,61.0,2.0
2009,SLE,Sierra Leone,Sub-Saharan Africa,6.27717527,111.0,4.0
2009,SGP,Singapore,South Asia,8.194760582999999,23.0,1.0
2009,SVK,Slovak Rep.,Eastern Europe,8.118595638,26.0,1.0
2009,SVN,Slovenia,Eastern Europe,7.826199122999999,41.0,2.0
2009,ZAF,South Africa,Sub-Saharan Africa,6.813115079,84.0,3.0
2009,ESP,Spain,Western Europe,8.101026464,29.0,1.0
2009,LKA,Sri Lanka,South Asia,6.132485933,115.0,4.0
2009,SWE,Sweden,Western Europe,8.415915653999999,10.0,1.0
2009,CHE,Switzerland,Western Europe,8.792258292,3.0,1.0
2009,SYR,Syria,Middle East & North Africa,5.52959379,131.0,4.0
2009,TWN,Taiwan,East Asia,7.813038464,43.0,2.0
2009,TZA,Tanzania,Sub-Saharan Africa,6.437958167000001,105.0,3.0
2009,THA,Thailand,South Asia,7.262806637000001,59.0,2.0
2009,TGO,Togo,Sub-Saharan Africa,5.681883107999999,128.0,4.0
2009,TTO,Trinidad and Tobago,Latin America & the Caribbean,6.764905708,89.0,3.0
2009,TUN,Tunisia,Middle East & North Africa,6.2651721270000005,112.0,4.0
2009,TUR,Turkey,Middle East & North Africa,6.9636724260000005,73.0,3.0
2009,UGA,Uganda,Sub-Saharan Africa,6.410308511,106.0,3.0
2009,UKR,Ukraine,Eastern Europe,6.8309981870000005,81.0,3.0
2009,ARE,United Arab Emirates,Middle East & North Africa,6.481551407,103.0,3.0
2009,GBR,United Kingdom,Western Europe,8.590176722999999,7.0,1.0
2009,USA,United States,North America,8.260843887,18.0,1.0
2009,URY,Uruguay,Latin America & the Caribbean,7.9254093029999995,36.0,1.0
2009,VEN,Venezuela,Latin America & the Caribbean,5.283514408,137.0,4.0
2009,VNM,Vietnam,South Asia,6.565151297000001,98.0,3.0
2009,ZMB,Zambia,Sub-Saharan Africa,6.620113589,96.0,3.0
2009,ZWE,Zimbabwe,Sub-Saharan Africa,4.92767343,141.0,4.0
2008,ALB,Albania,Eastern Europe,7.498848866,49.0,2.0
2008,DZA,Algeria,Middle East & North Africa,5.153065376,138.0,4.0
2008,AGO,Angola,Sub-Saharan Africa,4.8235278169999996,141.0,4.0
2008,ARG,Argentina,Latin America & the Caribbean,7.035120011,69.0,2.0
2008,ARM,Armenia,Caucasus & Central Asia,7.455280489,52.0,2.0
2008,AUS,Australia,Oceania,8.686020243,4.0,1.0
2008,AUT,Austria,Western Europe,8.363703418,15.0,1.0
2008,AZE,Azerbaijan,Caucasus & Central Asia,6.371672233,107.0,4.0
2008,BHS,Bahamas,Latin America & the Caribbean,7.863355202,40.0,2.0
2008,BHR,Bahrain,Middle East & North Africa,7.1001191079999995,67.0,2.0
2008,BGD,Bangladesh,South Asia,5.798135907000001,123.0,4.0
2008,BRD,Barbados,Latin America & the Caribbean,7.177507535,65.0,2.0
2008,BEL,Belgium,Western Europe,8.182085856,27.0,1.0
2008,BLZ,Belize,Latin America & the Caribbean,7.335334194,56.0,2.0
2008,BEN,Benin,Sub-Saharan Africa,6.490137606,103.0,3.0
2008,BOL,Bolivia,Latin America & the Caribbean,6.728644654,89.0,3.0
2008,BIH,Bosnia and Herzegovina,Eastern Europe,7.282437587,57.0,2.0
2008,BWA,Botswana,Sub-Saharan Africa,6.83582588,80.0,3.0
2008,BRA,Brazil,Latin America & the Caribbean,7.014409184,70.0,2.0
2008,BGR,Bulgaria,Eastern Europe,7.706452047999999,44.0,2.0
2008,BFA,Burkina Faso,Sub-Saharan Africa,6.759230665,86.0,3.0
2008,BDI,Burundi,Sub-Saharan Africa,5.646142692000001,128.0,4.0
2008,CMR,Cameroon,Sub-Saharan Africa,5.687288973999999,126.0,4.0
2008,CAN,Canada,North America,8.653001565,6.0,1.0
2008,CAF,Central Afr. Rep.,Sub-Saharan Africa,5.481581758,130.0,4.0
2008,TCD,Chad,Sub-Saharan Africa,5.212512011,137.0,4.0
2008,CHL,Chile,Latin America & the Caribbean,8.227215073,23.0,1.0
2008,CHN,China,East Asia,5.9956437760000005,117.0,4.0
2008,COL,Colombia,Latin America & the Caribbean,6.762603689,86.0,3.0
2008,COD,"Congo, Dem. R.",Sub-Saharan Africa,5.3518430530000005,135.0,4.0
2008,COG,"Congo, Rep. Of",Sub-Saharan Africa,5.6303181339999995,129.0,4.0
2008,CRI,Costa Rica,Latin America & the Caribbean,7.83294432,41.0,2.0
2008,CIV,Cote d'Ivoire,Sub-Saharan Africa,5.696570822999999,125.0,4.0
2008,HRV,Croatia,Eastern Europe,7.398385027000001,53.0,2.0
2008,CYP,Cyprus,Eastern Europe,8.344051602999999,17.0,1.0
2008,CZE,Czech Rep.,Eastern Europe,8.170668411,29.0,1.0
2008,DNK,Denmark,Western Europe,8.68717383,4.0,1.0
2008,DOM,Dominican Rep.,Latin America & the Caribbean,6.669026833999999,94.0,3.0
2008,ECU,Ecuador,Latin America & the Caribbean,6.7180544520000005,90.0,3.0
2008,EGY,Egypt,Middle East & North Africa,6.004860002000001,117.0,4.0
2008,SLV,El Salvador,Latin America & the Caribbean,7.3992361110000004,53.0,2.0
2008,EST,Estonia,Eastern Europe,8.404652042999999,14.0,1.0
2008,ETH,Ethiopia,Sub-Saharan Africa,5.3588546489999995,134.0,4.0
2008,FJI,Fiji,Oceania,7.523307205,48.0,2.0
2008,FIN,Finland,Western Europe,8.653870745,6.0,1.0
2008,FRA,France,Western Europe,8.194982519,26.0,1.0
2008,GAB,Gabon,Sub-Saharan Africa,5.895043962000001,120.0,4.0
2008,GEO,Georgia,Caucasus & Central Asia,7.556304258,46.0,2.0
2008,DEU,Germany,Western Europe,8.322049372,18.0,1.0
2008,GHA,Ghana,Sub-Saharan Africa,7.213843152999999,62.0,2.0
2008,GRC,Greece,Eastern Europe,7.935508771,38.0,2.0
2008,GTM,Guatemala,Latin America & the Caribbean,7.199325397000001,64.0,2.0
2008,GNB,Guinea-Bissau,Sub-Saharan Africa,5.69349402,126.0,4.0
2008,GUY,Guyana,Latin America & the Caribbean,6.677489081,93.0,3.0
2008,HTI,Haiti,Latin America & the Caribbean,6.941049235,75.0,3.0
2008,HND,Honduras,Latin America & the Caribbean,7.005012595,70.0,2.0
2008,HKG,Hong Kong,East Asia,9.126312939,1.0,1.0
2008,HUN,Hungary,Eastern Europe,8.04740465,33.0,1.0
2008,ISL,Iceland,Western Europe,8.277247882000001,20.0,1.0
2008,IND,India,South Asia,6.5199474870000005,101.0,3.0
2008,IDN,Indonesia,South Asia,6.78741383,84.0,3.0
2008,IRN,Iran,Middle East & North Africa,5.4711242,131.0,4.0
2008,IRL,Ireland,Western Europe,8.464583235,10.0,1.0
2008,ISR,Israel,Middle East & North Africa,7.395273675,53.0,2.0
2008,ITA,Italy,Western Europe,7.931940466,39.0,2.0
2008,JAM,Jamaica,Latin America & the Caribbean,7.278020832999999,57.0,2.0
2008,JPN,Japan,East Asia,8.239303911,22.0,1.0
2008,JOR,Jordan,Middle East & North Africa,6.559812142999999,98.0,3.0
2008,KAZ,Kazakhstan,Caucasus & Central Asia,6.954439429,73.0,3.0
2008,KEN,Kenya,Sub-Saharan Africa,6.617297678,96.0,3.0
2008,KOR,"Korea, South",East Asia,8.149323236,30.0,1.0
2008,KWT,Kuwait,Middle East & North Africa,6.593605143,97.0,3.0
2008,KGZ,Kyrgyz Republic,Caucasus & Central Asia,6.801020059,82.0,3.0
2008,LVA,Latvia,Eastern Europe,8.082147484,32.0,1.0
2008,LSO,Lesotho,Sub-Saharan Africa,5.9536104860000005,119.0,4.0
2008,LTU,Lithuania,Eastern Europe,8.01018155,35.0,1.0
2008,LUX,Luxembourg,Western Europe,8.364242943999999,15.0,1.0
2008,MKD,Macedonia,Eastern Europe,7.533718326,47.0,2.0
2008,MDG,Madagascar,Sub-Saharan Africa,6.55572319,98.0,3.0
2008,MWI,Malawi,Sub-Saharan Africa,6.72177225,90.0,3.0
2008,MYS,Malaysia,South Asia,6.453140392999999,105.0,3.0
2008,MLI,Mali,Sub-Saharan Africa,6.093562166,115.0,4.0
2008,MLT,Malta,Western Europe,8.312908122,19.0,1.0
2008,MRT,Mauritania,Sub-Saharan Africa,5.895358395,120.0,4.0
2008,MUS,Mauritius,Sub-Saharan Africa,8.214829659,25.0,1.0
2008,MEX,Mexico,Latin America & the Caribbean,6.923600177999999,76.0,3.0
2008,MDA,Moldova,Eastern Europe,7.208984756,62.0,2.0
2008,MNG,Mongolia,East Asia,7.145358771000001,66.0,2.0
2008,MNE,Montenegro,Eastern Europe,7.6695584210000005,45.0,2.0
2008,MAR,Morocco,Middle East & North Africa,6.291418298,109.0,4.0
2008,MOZ,Mozambique,Sub-Saharan Africa,6.031946262999999,116.0,4.0
2008,MMR,Myanmar,South Asia,4.955303208999999,139.0,4.0
2008,NAM,Namibia,Sub-Saharan Africa,7.0049801060000005,72.0,3.0
2008,NPL,Nepal,South Asia,6.7136727039999995,92.0,3.0
2008,NLD,Netherlands,Western Europe,8.410510546,13.0,1.0
2008,NZL,New Zealand,Oceania,8.910542465,2.0,1.0
2008,NIC,Nicaragua,Latin America & the Caribbean,7.263152612000001,60.0,2.0
2008,NER,Niger,Sub-Saharan Africa,6.172414624,113.0,4.0
2008,NGA,Nigeria,Sub-Saharan Africa,6.151358657,114.0,4.0
2008,NOR,Norway,Western Europe,8.592142222,8.0,1.0
2008,OMN,Oman,Middle East & North Africa,6.467042558999999,104.0,3.0
2008,PAK,Pakistan,South Asia,5.401850447999999,133.0,4.0
2008,PAN,Panama,Latin America & the Caribbean,7.494156231,51.0,2.0
2008,PNG,Pap. New Guinea,Oceania,6.9140673679999995,78.0,3.0
2008,PRY,Paraguay,Latin America & the Caribbean,6.900825415,79.0,3.0
2008,PER,Peru,Latin America & the Caribbean,7.497498458,49.0,2.0
2008,PHL,Philippines,South Asia,7.055628658,68.0,2.0
2008,POL,Poland,Eastern Europe,7.976932519,36.0,1.0
2008,PRT,Portugal,Western Europe,8.098138186,31.0,1.0
2008,ROU,Romania,Eastern Europe,8.028976623,34.0,1.0
2008,RUS,Russia,Eastern Europe,6.525689053,100.0,3.0
2008,RWA,Rwanda,Sub-Saharan Africa,6.949574622,73.0,3.0
2008,SEN,Senegal,Sub-Saharan Africa,6.198871486,112.0,4.0
2008,SRB,Serbia,Eastern Europe,7.232640781000001,61.0,2.0
2008,SLE,Sierra Leone,Sub-Saharan Africa,6.2351383,111.0,4.0
2008,SGP,Singapore,South Asia,8.179720572999999,27.0,1.0
2008,SVK,Slovak Rep.,Eastern Europe,8.233432487,23.0,1.0
2008,SVN,Slovenia,Eastern Europe,7.825762377999999,41.0,2.0
2008,ZAF,South Africa,Sub-Saharan Africa,6.762374339,86.0,3.0
2008,ESP,Spain,Western Europe,8.247249223999999,21.0,1.0
2008,LKA,Sri Lanka,South Asia,5.860377495,122.0,4.0
2008,SWE,Sweden,Western Europe,8.452347112,11.0,1.0
2008,CHE,Switzerland,Western Europe,8.77443651,3.0,1.0
2008,SYR,Syria,Middle East & North Africa,5.457515592000001,132.0,4.0
2008,TWN,Taiwan,East Asia,7.792327162,43.0,2.0
2008,TZA,Tanzania,Sub-Saharan Africa,6.3386059999999995,108.0,4.0
2008,THA,Thailand,South Asia,7.274282546,59.0,2.0
2008,TGO,Togo,Sub-Saharan Africa,5.76336459,124.0,4.0
2008,TTO,Trinidad and Tobago,Latin America & the Caribbean,6.805600152999999,81.0,3.0
2008,TUN,Tunisia,Middle East & North Africa,6.249057982999999,110.0,4.0
2008,TUR,Turkey,Middle East & North Africa,6.918408798,76.0,3.0
2008,UGA,Uganda,Sub-Saharan Africa,6.495271027,102.0,3.0
2008,UKR,Ukraine,Eastern Europe,6.798697378,82.0,3.0
2008,ARE,United Arab Emirates,Middle East & North Africa,6.784866222000001,85.0,3.0
2008,GBR,United Kingdom,Western Europe,8.536420793,9.0,1.0
2008,USA,United States,North America,8.448265467999999,11.0,1.0
2008,URY,Uruguay,Latin America & the Caribbean,7.94784663,37.0,2.0
2008,VEN,Venezuela,Latin America & the Caribbean,5.2578793280000005,136.0,4.0
2008,VNM,Vietnam,South Asia,6.420206307999999,106.0,3.0
2008,ZMB,Zambia,Sub-Saharan Africa,6.647724406,95.0,3.0
2008,ZWE,Zimbabwe,Sub-Saharan Africa,4.935570731,140.0,4.0
